order_id,receita_bruta,receita_liquida,custo_frete
ORD-021933,248.19,248.19,44.6
ORD-008126,244.14,244.14,48.7
ORD-048261,776.08,477.15,19.27
ORD-009908,235.41,235.41,18.13
ORD-075424,1486.38,1486.38,20.24
ORD-009188,581.36,581.36,56.61
ORD-048906,93.9,93.9,58.99
ORD-011884,2735.75,1857.38,51.43
ORD-062320,1317.24,1317.24,16.4
ORD-002605,480.94,354.31,59.6
ORD-002903,469.74,388.8,7.44
ORD-077422,484.1,484.1,27.51
ORD-063558,1626.24,1261.17,44.96
ORD-017309,1047.42,921.35,45.69
ORD-034674,1381.32,1381.32,7.98
ORD-059844,810.96,810.96,44.89
ORD-017189,867.64,867.64,49.74
ORD-004130,873.06,614.42,48.12
ORD-058468,1717.56,1717.56,12.78
ORD-010048,1450.72,1450.72,20.61
ORD-018980,1815.96,1376.42,33.83
ORD-038387,924.2,649.69,19.11
ORD-013294,394.5,394.5,6.45
ORD-069795,609.9,609.9,14.58
ORD-013653,435.66,435.66,38.37
ORD-050201,570.08,570.08,21.12
ORD-070733,296.86,296.86,42.59
ORD-012528,633.51,633.51,50.26
ORD-065657,1591.8,1591.8,55.04
ORD-033198,236.37,165.14,33.36
ORD-058467,579.39,542.96,34.39
ORD-014822,761.72,761.72,12.02
ORD-039182,270.74,270.74,22.05
ORD-047969,548.46,483.3,55.25
ORD-051773,867.33,579.54,8.75
ORD-034322,652.17,516.47,22.07
ORD-065101,1374.42,1374.42,46.16
ORD-058877,145.88,117.36,49.86
ORD-067904,2360.48,1796.58,12.91
ORD-076726,168.71,168.71,54.57
ORD-044186,972.42,972.42,33.31
ORD-044956,543.72,543.72,48.4
ORD-063253,779.05,664.3,35.16
ORD-067831,500.55,500.55,34.11
ORD-068020,1365.24,1365.24,19.57
ORD-040905,636.96,636.96,6.46
ORD-079144,881.7,694.51,34.31
ORD-063583,1209.3,1098.2,48.06
ORD-029411,1010.56,1010.56,43.18
ORD-051734,250.64,250.64,33.27
ORD-015344,249.83,249.83,11.47
ORD-049399,683.16,683.16,56.37
ORD-073931,1743.16,1743.16,34.07
ORD-022074,1048.65,1048.65,42.14
ORD-037359,310.8,310.8,39.08
ORD-054874,1347.12,1347.12,25.99
ORD-068387,106.12,75.78,12.14
ORD-067505,270.48,270.48,34.17
ORD-048371,369.0,369.0,52.74
ORD-079633,961.2,961.2,12.22
ORD-015683,1157.25,1157.25,13.07
ORD-015369,542.04,542.04,54.92
ORD-037725,333.21,237.41,28.76
ORD-017322,133.6,133.6,48.28
ORD-012961,1093.96,912.89,23.57
ORD-039418,1532.6,1170.14,35.9
ORD-079461,513.9,513.9,16.84
ORD-066732,602.64,602.64,41.96
ORD-013138,1042.32,1042.32,28.63
ORD-019052,136.6,94.34,52.67
ORD-049236,244.08,219.64,39.79
ORD-011927,560.74,560.74,40.25
ORD-061828,374.08,325.1,15.13
ORD-061129,636.42,636.42,41.91
ORD-063589,356.35,356.35,57.47
ORD-009866,253.41,253.41,52.53
ORD-062088,364.08,249.99,44.82
ORD-071037,2254.0,2254.0,55.91
ORD-042376,528.67,528.67,49.13
ORD-001427,755.64,755.64,42.99
ORD-060397,1364.55,1364.55,19.4
ORD-039877,874.45,874.45,36.39
ORD-037106,455.64,312.86,50.46
ORD-000822,191.36,191.36,35.86
ORD-035638,534.3,462.28,30.61
ORD-075040,275.07,212.17,35.37
ORD-040063,1308.6,819.02,43.39
ORD-053790,266.16,266.16,13.94
ORD-061464,832.44,832.44,19.47
ORD-032315,1364.82,965.52,59.85
ORD-010031,80.54,50.78,13.76
ORD-026638,827.12,827.12,14.94
ORD-001484,785.2,654.31,54.05
ORD-023029,263.64,263.64,47.55
ORD-025285,591.0,591.0,58.62
ORD-016658,256.5,206.35,43.12
ORD-012446,646.83,646.83,25.15
ORD-075048,1163.25,1163.25,21.71
ORD-031243,247.32,247.32,34.46
ORD-057660,201.28,201.28,40.69
ORD-073572,215.94,215.94,31.69
ORD-057525,153.26,93.81,44.18
ORD-016328,473.02,377.57,24.43
ORD-001169,588.96,588.96,34.01
ORD-021115,511.7,511.7,16.27
ORD-054521,240.62,171.94,53.5
ORD-022767,797.34,535.74,17.65
ORD-072853,1303.62,825.03,32.5
ORD-061165,657.84,657.84,23.2
ORD-060766,478.29,336.48,26.19
ORD-010017,530.7,368.32,19.65
ORD-030324,208.08,208.08,59.38
ORD-006954,163.82,163.82,34.67
ORD-031685,591.09,591.09,33.54
ORD-013400,160.84,102.57,50.25
ORD-022759,678.0,678.0,33.12
ORD-040997,321.6,269.26,26.75
ORD-035558,876.65,876.65,47.2
ORD-017337,178.8,178.8,5.55
ORD-024492,747.3,747.3,40.66
ORD-055853,1411.44,1411.44,12.89
ORD-052560,194.56,194.56,47.23
ORD-067257,453.3,406.49,34.11
ORD-058166,706.86,706.86,23.38
ORD-041751,304.18,304.18,37.45
ORD-066677,596.14,596.14,43.7
ORD-016986,191.7,191.7,46.9
ORD-069646,1396.8,977.66,50.57
ORD-019857,1876.8,1876.8,13.48
ORD-065588,486.3,375.76,46.48
ORD-059702,890.84,890.84,16.84
ORD-069125,1147.74,1147.74,56.96
ORD-052974,288.53,230.12,8.54
ORD-032642,329.2,329.2,41.37
ORD-065789,1254.36,1254.36,38.82
ORD-024888,338.28,311.77,40.04
ORD-073575,1784.94,1784.94,37.13
ORD-003099,356.9,307.76,11.41
ORD-037714,522.27,434.94,11.6
ORD-005858,1149.96,1149.96,54.18
ORD-033491,601.56,601.56,45.65
ORD-010492,2849.1,2849.1,59.07
ORD-013979,993.2,676.22,42.7
ORD-076757,1780.92,1661.19,19.38
ORD-021637,255.45,255.45,30.5
ORD-003108,703.96,703.96,10.43
ORD-027449,545.76,545.76,32.46
ORD-072443,1240.72,1240.72,21.48
ORD-047107,213.69,213.69,37.64
ORD-045293,202.74,202.74,31.88
ORD-059100,73.81,73.81,16.73
ORD-005384,107.26,107.26,57.02
ORD-070280,243.02,243.02,44.17
ORD-068234,2182.44,2182.44,7.06
ORD-069208,379.71,379.71,5.22
ORD-046619,408.1,285.86,58.88
ORD-031192,157.53,157.53,45.46
ORD-040481,402.09,372.33,58.6
ORD-058850,112.76,112.76,44.06
ORD-024720,995.68,771.66,55.61
ORD-013589,695.4,556.69,54.29
ORD-052793,346.56,346.56,5.9
ORD-078898,625.56,625.56,58.47
ORD-008895,935.52,599.8,9.36
ORD-055768,1641.54,1641.54,18.81
ORD-019849,293.88,250.11,24.02
ORD-054419,141.46,91.79,52.6
ORD-032302,482.36,398.04,6.31
ORD-006504,373.66,373.66,51.39
ORD-032287,1529.95,1271.72,22.24
ORD-041393,407.5,407.5,24.53
ORD-004757,1014.27,1014.27,59.63
ORD-011769,1233.15,1233.15,22.04
ORD-056619,1058.1,1058.1,5.61
ORD-002350,148.36,148.36,12.29
ORD-060168,1110.15,722.33,59.78
ORD-022390,896.64,781.4,43.0
ORD-015185,254.84,254.84,17.12
ORD-046632,154.74,154.74,19.37
ORD-035280,466.25,466.25,16.55
ORD-070108,770.58,770.58,42.62
ORD-008253,749.88,530.38,27.34
ORD-031755,1116.92,926.11,56.91
ORD-001744,178.84,178.84,24.25
ORD-039892,201.13,164.53,5.5
ORD-043020,154.16,96.7,43.74
ORD-073510,1619.8,1447.46,20.86
ORD-010719,443.36,443.36,18.08
ORD-076236,1164.15,1164.15,36.14
ORD-000946,879.21,654.51,11.7
ORD-074615,978.0,857.56,34.43
ORD-002978,1099.38,1099.38,28.71
ORD-008985,723.95,723.95,39.26
ORD-056886,248.8,248.8,19.15
ORD-001800,615.18,615.18,14.83
ORD-056869,410.68,410.68,44.45
ORD-053518,416.78,267.03,42.79
ORD-047241,596.34,492.05,52.61
ORD-071612,1004.52,1004.52,9.22
ORD-062934,747.72,747.72,49.95
ORD-001753,564.63,564.63,25.17
ORD-005070,161.12,161.12,15.86
ORD-032555,335.44,335.44,35.61
ORD-045753,916.1,640.16,7.47
ORD-064528,434.12,434.12,58.34
ORD-007598,817.08,732.87,27.64
ORD-070121,1626.9,1626.9,24.98
ORD-048490,168.32,168.32,15.16
ORD-037888,561.86,347.86,53.35
ORD-035679,1139.2,1139.2,14.21
ORD-037393,370.12,328.85,37.64
ORD-058661,1807.5,1116.14,19.38
ORD-070289,673.55,602.87,24.22
ORD-067981,224.36,192.22,6.33
ORD-002132,1034.45,1034.45,53.68
ORD-064390,808.25,761.82,12.23
ORD-076348,271.92,271.92,17.74
ORD-033174,149.87,149.87,22.73
ORD-075563,1391.52,1391.52,55.09
ORD-000841,2419.45,2419.45,10.94
ORD-007478,94.5,82.46,42.99
ORD-040610,276.1,230.88,47.95
ORD-029284,227.95,227.95,39.89
ORD-052988,137.94,99.41,40.09
ORD-012157,360.7,360.7,52.14
ORD-065156,1665.36,1665.36,31.53
ORD-070875,872.1,612.58,37.63
ORD-076391,358.2,241.8,46.38
ORD-039688,288.6,288.6,53.65
ORD-027226,532.11,532.11,10.3
ORD-048361,437.2,437.2,8.32
ORD-037039,208.75,129.11,46.52
ORD-003420,1188.98,1188.98,11.75
ORD-000333,878.61,878.61,9.45
ORD-028732,2105.58,2105.58,26.11
ORD-002534,325.94,325.94,53.75
ORD-055623,149.8,136.38,32.05
ORD-005986,239.88,239.88,57.59
ORD-072110,281.46,281.46,25.33
ORD-008619,1169.36,727.04,29.3
ORD-075685,616.65,616.65,7.86
ORD-050160,769.76,661.39,12.55
ORD-032729,1091.2,1091.2,17.34
ORD-010136,273.91,273.91,17.36
ORD-063810,691.2,691.2,21.11
ORD-038556,404.08,404.08,22.44
ORD-026007,934.7,771.76,55.99
ORD-000564,1035.95,1035.95,25.3
ORD-068985,798.65,645.67,47.89
ORD-003067,504.35,504.35,9.27
ORD-066484,220.09,167.38,43.95
ORD-010750,480.27,480.27,22.87
ORD-011030,749.85,749.85,32.11
ORD-019892,515.97,515.97,55.36
ORD-042518,779.49,644.62,53.01
ORD-015760,448.34,448.34,58.04
ORD-021619,1450.3,1241.49,22.4
ORD-079749,937.38,937.38,22.2
ORD-035252,171.45,171.45,42.22
ORD-005134,157.72,157.72,33.19
ORD-053009,725.0,725.0,30.81
ORD-014028,419.98,419.98,15.86
ORD-012525,246.03,187.38,53.56
ORD-046891,913.12,805.2,21.03
ORD-070346,298.32,298.32,21.49
ORD-006686,264.91,264.91,24.53
ORD-056837,211.02,211.02,38.14
ORD-076995,665.45,665.45,19.06
ORD-033178,877.56,819.84,28.7
ORD-000172,711.8,711.8,32.94
ORD-042038,231.05,231.05,14.66
ORD-018718,731.46,494.02,46.61
ORD-005844,1155.44,870.9,33.4
ORD-025785,331.3,331.3,36.31
ORD-035627,81.99,68.72,30.8
ORD-015061,1114.45,1114.45,53.91
ORD-079811,512.36,512.36,58.4
ORD-035890,781.35,781.35,13.47
ORD-022329,739.92,739.92,6.17
ORD-067870,348.63,348.63,7.2
ORD-049905,517.84,517.84,28.78
ORD-016852,266.44,266.44,57.54
ORD-020539,1362.1,1362.1,40.21
ORD-013619,112.75,112.75,25.38
ORD-005639,371.64,371.64,41.24
ORD-032529,516.02,334.73,16.29
ORD-077247,228.35,228.35,37.4
ORD-061931,343.44,287.42,35.1
ORD-049667,1811.04,1811.04,35.38
ORD-039845,99.84,99.84,43.09
ORD-011449,222.92,222.92,44.08
ORD-045527,1685.65,1685.65,34.52
ORD-070276,1027.59,922.33,45.85
ORD-033475,336.39,307.02,57.05
ORD-078446,933.56,933.56,32.96
ORD-019784,152.26,152.26,58.83
ORD-037165,282.14,282.14,20.2
ORD-018761,466.2,466.2,19.27
ORD-056546,1500.05,924.49,43.76
ORD-035235,1072.25,913.44,52.06
ORD-070484,293.76,186.38,49.57
ORD-039501,172.87,159.32,39.27
ORD-014736,188.52,154.64,31.49
ORD-000795,569.32,569.32,46.68
ORD-072931,131.01,131.01,57.3
ORD-067176,1013.55,1013.55,38.62
ORD-033738,195.76,159.96,33.12
ORD-017605,627.63,544.97,11.22
ORD-078095,259.05,259.05,28.54
ORD-002517,1641.84,1641.84,45.48
ORD-077784,142.46,142.46,8.61
ORD-034262,1337.72,1337.72,35.82
ORD-045451,338.46,277.9,38.63
ORD-057478,377.24,377.24,35.73
ORD-005943,479.2,357.27,11.64
ORD-067714,894.96,620.66,38.3
ORD-027602,1888.26,1888.26,53.68
ORD-048417,997.45,997.45,17.62
ORD-053218,1580.58,1580.58,25.83
ORD-065862,623.0,623.0,14.5
ORD-021076,623.82,623.82,45.38
ORD-013457,267.4,267.4,55.18
ORD-048427,205.66,205.66,52.16
ORD-061328,294.64,177.09,39.26
ORD-053419,323.28,323.28,27.49
ORD-070707,158.45,158.45,57.9
ORD-003690,2155.5,2155.5,57.38
ORD-046131,1308.44,893.09,50.47
ORD-023611,244.89,204.45,42.7
ORD-062768,1350.1,1045.02,22.38
ORD-034764,586.74,586.74,5.51
ORD-038319,208.94,208.94,12.48
ORD-067964,1264.12,1177.57,7.5
ORD-063177,640.3,640.3,44.36
ORD-016259,1475.45,1475.45,24.36
ORD-079796,1310.2,1127.27,45.54
ORD-058922,962.12,962.12,29.18
ORD-070314,363.72,363.72,48.51
ORD-004235,2944.56,2944.56,19.7
ORD-001814,2988.25,2632.68,9.64
ORD-018243,268.5,268.5,37.89
ORD-008625,1284.12,1284.12,9.01
ORD-061730,768.68,694.15,31.76
ORD-042728,1375.38,1375.38,17.17
ORD-064377,1323.27,1323.27,11.53
ORD-011868,272.28,272.28,54.86
ORD-057731,464.15,464.15,28.17
ORD-007810,142.35,142.35,24.14
ORD-029319,890.8,890.8,26.61
ORD-055643,130.06,130.06,45.76
ORD-030619,646.86,578.75,14.54
ORD-070534,528.57,528.57,10.55
ORD-013267,124.55,124.55,9.33
ORD-061259,815.25,699.01,55.79
ORD-078252,694.75,512.23,40.49
ORD-052708,1187.88,1187.88,52.46
ORD-025575,528.5,528.5,35.34
ORD-013586,237.09,237.09,33.67
ORD-009640,1839.3,1839.3,20.81
ORD-079134,773.2,773.2,34.96
ORD-023643,1135.68,1135.68,14.97
ORD-004327,732.12,569.58,18.25
ORD-014322,564.88,564.88,7.6
ORD-066213,523.35,468.38,33.86
ORD-038885,148.2,90.92,15.36
ORD-046194,523.74,371.28,44.39
ORD-073484,599.32,599.32,58.78
ORD-024925,704.28,704.28,43.88
ORD-072211,401.5,401.5,36.82
ORD-062460,584.52,584.52,5.65
ORD-077040,3385.86,3385.86,8.73
ORD-027212,90.97,90.97,38.33
ORD-057956,1259.4,1001.23,18.7
ORD-013126,1404.36,1068.25,37.75
ORD-044020,546.52,546.52,16.38
ORD-044203,543.92,445.69,23.61
ORD-028141,331.9,299.78,22.29
ORD-009901,261.22,261.22,56.93
ORD-062765,640.36,520.82,19.41
ORD-022346,75.4,75.4,6.44
ORD-037158,243.44,243.44,31.97
ORD-051710,133.6,133.6,10.51
ORD-025848,153.6,139.39,21.7
ORD-011305,984.84,759.16,41.49
ORD-033399,560.56,511.4,37.61
ORD-017742,1002.57,614.0,35.48
ORD-000378,209.48,209.48,29.62
ORD-072482,810.63,810.63,32.98
ORD-044532,173.04,173.04,32.78
ORD-033170,1161.96,1161.96,7.33
ORD-069157,521.64,521.64,52.98
ORD-015859,992.55,992.55,26.73
ORD-039910,812.58,812.58,33.49
ORD-050873,1267.35,1267.35,14.31
ORD-044432,1010.8,1010.8,52.17
ORD-059465,183.24,164.16,9.5
ORD-009682,1462.8,1462.8,36.09
ORD-040524,1138.05,1138.05,32.3
ORD-037545,510.3,510.3,14.87
ORD-007640,1249.6,1249.6,14.6
ORD-024831,872.04,872.04,26.08
ORD-007789,1019.16,649.5,41.59
ORD-075050,926.46,926.46,35.88
ORD-038568,356.73,242.5,34.57
ORD-001971,1400.96,1400.96,25.98
ORD-059348,1122.0,1122.0,51.33
ORD-053253,1295.58,886.63,35.29
ORD-039526,1515.75,1220.93,41.81
ORD-075928,1400.34,1235.04,13.2
ORD-047500,1804.62,1804.62,53.0
ORD-069842,201.68,201.68,21.83
ORD-011257,513.99,513.99,49.87
ORD-072429,85.8,85.8,15.6
ORD-037919,250.4,250.4,50.91
ORD-011453,229.01,229.01,54.81
ORD-036429,1627.9,1062.43,7.87
ORD-050563,1002.15,1002.15,49.61
ORD-049961,131.43,131.43,53.86
ORD-018745,758.88,758.88,28.85
ORD-032399,255.2,255.2,46.68
ORD-056523,436.96,436.96,42.16
ORD-006498,254.43,175.92,8.06
ORD-025432,786.87,786.87,12.88
ORD-060911,1713.85,1105.63,7.74
ORD-030017,1665.42,1665.42,55.0
ORD-037829,471.87,328.64,29.09
ORD-067107,194.03,194.03,9.19
ORD-058688,438.06,438.06,10.41
ORD-007776,157.55,157.55,17.02
ORD-079451,591.52,591.52,25.47
ORD-059550,805.6,805.6,32.13
ORD-016541,602.8,602.8,23.58
ORD-043342,265.96,210.82,51.98
ORD-074869,1071.0,650.57,29.72
ORD-008280,263.6,263.6,22.42
ORD-065867,1696.38,1696.38,9.67
ORD-048884,689.85,689.85,49.49
ORD-038182,185.55,185.55,45.4
ORD-035844,755.34,755.34,19.07
ORD-013672,307.8,271.88,23.85
ORD-062268,191.59,191.59,22.4
ORD-056273,1727.55,1727.55,28.49
ORD-061015,212.42,212.42,29.82
ORD-045881,796.4,796.4,44.45
ORD-063283,171.74,171.74,55.72
ORD-034210,669.82,669.82,26.15
ORD-022568,294.45,294.45,25.36
ORD-000902,1014.24,1014.24,24.33
ORD-060481,505.56,404.57,17.99
ORD-042124,737.0,737.0,5.72
ORD-078513,486.42,385.17,35.81
ORD-036845,1398.54,1196.75,49.93
ORD-077566,349.0,349.0,42.88
ORD-045885,639.1,463.09,38.79
ORD-002414,370.95,370.95,15.21
ORD-026524,54.59,54.59,52.71
ORD-050692,264.9,264.9,30.46
ORD-060686,521.94,521.94,17.94
ORD-022736,172.08,172.08,36.81
ORD-026083,185.74,185.74,21.4
ORD-036650,578.76,578.76,34.09
ORD-057657,295.08,239.29,14.9
ORD-050619,878.91,823.25,57.11
ORD-073647,144.74,144.74,39.52
ORD-062015,973.1,973.1,48.64
ORD-042291,732.24,663.73,55.7
ORD-007107,1150.4,959.84,18.55
ORD-035572,523.36,320.24,49.86
ORD-039828,1030.3,1030.3,44.41
ORD-073271,297.24,234.57,43.95
ORD-003963,1307.15,911.02,50.47
ORD-046704,803.12,803.12,37.01
ORD-059862,613.04,613.04,34.14
ORD-030434,1086.55,1086.55,48.71
ORD-040788,999.15,999.15,59.64
ORD-070892,1200.48,1200.48,29.04
ORD-042080,252.11,252.11,22.15
ORD-045127,791.64,791.64,45.62
ORD-008853,308.7,308.7,17.99
ORD-058473,600.35,600.35,34.65
ORD-059810,692.56,492.55,22.68
ORD-057583,262.32,262.32,31.73
ORD-023662,719.85,719.85,34.2
ORD-039186,563.34,563.34,44.83
ORD-048127,707.22,707.22,41.11
ORD-068005,896.04,896.04,43.46
ORD-029295,974.16,974.16,49.71
ORD-051438,98.91,98.91,6.68
ORD-061407,60.78,60.78,26.0
ORD-051038,347.24,347.24,55.76
ORD-001436,339.45,339.45,30.62
ORD-057718,746.88,606.2,29.54
ORD-059101,145.84,115.14,48.37
ORD-026078,486.2,366.56,20.35
ORD-009069,1058.04,1058.04,21.93
ORD-016651,1210.75,1210.75,29.34
ORD-055938,1381.2,1381.2,8.77
ORD-058899,137.61,137.61,39.67
ORD-036875,200.27,200.27,14.45
ORD-011180,1368.9,1036.53,41.64
ORD-000291,206.19,163.94,26.87
ORD-014172,939.36,612.93,33.56
ORD-003655,552.6,552.6,44.43
ORD-009910,664.98,664.98,36.82
ORD-044185,2850.65,2850.65,19.05
ORD-072774,1490.9,1490.9,26.93
ORD-066474,496.9,496.9,14.49
ORD-077838,995.15,760.37,17.13
ORD-057080,122.2,122.2,31.96
ORD-069258,2319.16,1566.77,44.5
ORD-062885,506.44,466.95,23.0
ORD-025381,776.72,776.72,54.69
ORD-006990,634.34,634.34,38.94
ORD-063835,1161.7,977.79,57.81
ORD-000101,320.36,320.36,7.18
ORD-034767,512.04,512.04,17.24
ORD-046542,110.3,110.3,31.75
ORD-021521,175.5,175.5,58.82
ORD-064588,210.8,138.88,53.24
ORD-056434,300.6,300.6,39.7
ORD-072164,192.25,192.25,32.73
ORD-056328,1257.04,1257.04,45.96
ORD-058814,327.99,327.99,51.66
ORD-059148,673.56,673.56,10.08
ORD-054064,772.65,772.65,50.87
ORD-011466,691.75,691.75,47.06
ORD-035394,612.85,469.14,12.12
ORD-027251,844.76,680.88,56.07
ORD-060140,1045.89,1045.89,10.92
ORD-015337,147.75,147.75,23.7
ORD-071347,212.69,212.69,28.79
ORD-030040,306.95,306.95,24.85
ORD-067182,438.84,314.43,53.59
ORD-072320,66.07,50.07,28.7
ORD-045734,808.28,745.39,30.41
ORD-028561,468.2,468.2,6.99
ORD-017064,512.49,512.49,24.92
ORD-009989,659.0,514.88,52.18
ORD-025411,1414.38,1414.38,6.74
ORD-070572,691.95,581.14,45.53
ORD-046282,280.36,280.36,21.12
ORD-043902,268.68,222.33,29.01
ORD-003385,99.68,72.01,11.19
ORD-005676,151.59,132.35,24.67
ORD-026358,655.32,513.35,25.22
ORD-040842,1703.04,1703.04,8.15
ORD-036644,1735.3,1735.3,58.08
ORD-050037,1476.48,1476.48,37.53
ORD-076542,261.33,261.33,25.57
ORD-001020,281.29,193.51,40.98
ORD-020992,463.24,463.24,20.74
ORD-067621,155.2,155.2,40.87
ORD-043603,1230.0,1085.89,41.67
ORD-072016,314.67,212.92,42.42
ORD-068063,127.42,120.38,59.57
ORD-031410,574.24,574.24,24.41
ORD-037676,461.49,461.49,29.13
ORD-076315,378.59,378.59,50.38
ORD-051414,381.98,381.98,32.63
ORD-017100,1166.3,1166.3,17.89
ORD-032442,860.31,645.46,51.74
ORD-061590,345.66,345.66,55.01
ORD-030315,307.35,243.94,52.72
ORD-022308,344.04,344.04,42.9
ORD-045366,154.37,125.11,56.66
ORD-053814,503.04,503.04,21.21
ORD-027619,508.38,508.38,30.59
ORD-039916,1545.25,1545.25,37.56
ORD-004743,1354.62,1354.62,47.67
ORD-002859,1755.9,1755.9,27.49
ORD-034399,1074.92,1074.92,10.94
ORD-077034,1073.1,1073.1,35.78
ORD-059263,2036.04,2036.04,8.96
ORD-059637,832.38,832.38,59.9
ORD-074073,192.57,170.72,45.26
ORD-078386,644.76,644.76,38.99
ORD-075989,531.8,531.8,31.52
ORD-019091,196.75,196.75,45.75
ORD-067083,315.94,251.87,34.37
ORD-062379,51.59,51.59,20.54
ORD-006614,1199.04,833.6,9.91
ORD-014676,1384.95,1384.95,14.46
ORD-027561,787.6,787.6,13.94
ORD-048781,699.72,699.72,8.97
ORD-032104,308.32,308.32,41.25
ORD-011675,2318.76,2318.76,10.14
ORD-016313,1516.05,1516.05,30.21
ORD-060095,396.24,330.28,50.76
ORD-055063,547.86,505.31,34.98
ORD-015750,2043.66,1763.8,34.95
ORD-043001,1339.2,1339.2,45.0
ORD-002900,344.17,344.17,9.13
ORD-007570,332.4,298.51,8.82
ORD-059578,413.02,392.33,37.81
ORD-079137,810.99,810.99,11.33
ORD-071076,504.1,504.1,39.69
ORD-064748,726.3,625.62,5.31
ORD-061501,470.24,379.3,55.55
ORD-057588,1493.5,1493.5,5.45
ORD-065254,713.31,477.94,38.26
ORD-077999,403.73,292.94,26.63
ORD-062992,200.38,189.96,16.76
ORD-042463,606.0,606.0,24.76
ORD-034794,265.71,203.6,5.07
ORD-010501,1542.78,1542.78,45.46
ORD-050731,1504.68,1504.68,22.28
ORD-065319,260.52,260.52,9.31
ORD-025291,301.16,301.16,48.12
ORD-044615,2685.6,2685.6,7.5
ORD-069335,670.14,670.14,12.22
ORD-014401,397.05,397.05,47.18
ORD-000292,1178.92,1178.92,45.73
ORD-043442,106.4,106.4,13.34
ORD-061268,539.6,539.6,40.94
ORD-067849,729.0,729.0,38.31
ORD-061515,915.84,915.84,48.63
ORD-056911,560.4,560.4,56.88
ORD-022567,794.18,592.81,24.83
ORD-020928,980.4,980.4,5.47
ORD-055412,1972.92,1402.88,50.64
ORD-072614,1978.92,1334.0,31.89
ORD-067321,1657.44,1657.44,39.49
ORD-003389,378.84,301.45,11.37
ORD-046309,311.75,311.75,56.08
ORD-001781,1549.4,1549.4,49.99
ORD-006980,759.6,759.6,59.23
ORD-023944,855.4,789.77,40.84
ORD-015931,911.8,594.23,26.78
ORD-072360,271.46,271.46,31.14
ORD-020725,85.4,85.4,48.89
ORD-007960,277.3,277.3,23.17
ORD-002418,592.02,534.71,53.28
ORD-012267,1387.92,938.36,33.11
ORD-007027,615.6,566.14,13.54
ORD-061047,3239.64,3239.64,7.49
ORD-025427,807.15,807.15,33.38
ORD-034402,730.77,730.77,38.99
ORD-030751,80.24,80.24,26.51
ORD-014487,507.78,507.78,58.95
ORD-030216,478.2,478.2,12.01
ORD-005605,97.62,97.62,58.57
ORD-059785,295.98,194.46,39.11
ORD-070668,135.21,135.21,54.62
ORD-029050,202.55,202.55,20.33
ORD-052206,298.32,182.52,28.64
ORD-038396,1757.34,1472.29,37.04
ORD-065487,129.73,101.4,13.13
ORD-041299,240.77,240.77,35.15
ORD-013692,840.76,840.76,40.19
ORD-014464,455.28,455.28,59.57
ORD-072732,671.28,671.28,35.53
ORD-003911,223.27,198.9,52.91
ORD-035978,1486.8,1486.8,59.2
ORD-076085,56.85,56.85,50.87
ORD-051029,197.62,197.62,43.54
ORD-059493,196.0,196.0,55.79
ORD-008179,1129.8,1129.8,32.27
ORD-035894,1118.76,848.74,47.57
ORD-042127,129.56,93.01,31.95
ORD-037865,1434.18,1434.18,8.41
ORD-076461,288.3,258.58,44.55
ORD-044062,357.04,357.04,48.65
ORD-000336,1348.16,1348.16,13.74
ORD-016387,2009.58,1885.77,22.21
ORD-034662,289.85,289.85,38.67
ORD-049420,216.27,147.54,59.53
ORD-072997,1093.68,1093.68,32.22
ORD-025331,770.76,770.76,39.47
ORD-058184,541.32,438.53,22.11
ORD-071385,889.2,889.2,10.44
ORD-001827,161.26,140.24,14.7
ORD-035539,413.25,413.25,28.53
ORD-010266,1727.7,1045.39,22.51
ORD-047173,354.14,354.14,45.25
ORD-034478,683.88,683.88,11.55
ORD-041088,392.35,392.35,43.78
ORD-001795,485.82,300.62,55.29
ORD-062941,391.08,391.08,40.53
ORD-023968,424.88,369.87,52.32
ORD-015033,490.62,337.93,24.08
ORD-008836,954.18,698.12,15.13
ORD-064787,611.76,611.76,38.2
ORD-003875,478.1,478.1,19.18
ORD-005017,856.2,856.2,49.38
ORD-001423,160.36,160.36,58.17
ORD-011511,530.0,488.79,39.39
ORD-035341,1259.48,1259.48,50.07
ORD-024148,1193.58,1193.58,33.02
ORD-058308,852.6,852.6,8.56
ORD-054662,1047.3,1047.3,16.18
ORD-041185,767.52,609.7,56.8
ORD-023680,278.36,184.31,20.16
ORD-065214,217.04,217.04,44.43
ORD-074033,222.0,194.9,17.36
ORD-026531,431.58,431.58,37.83
ORD-021009,303.26,303.26,47.9
ORD-064674,605.56,605.56,32.01
ORD-033628,362.54,362.54,35.87
ORD-037467,511.06,511.06,33.1
ORD-032821,276.56,276.56,33.66
ORD-070522,104.26,82.5,26.33
ORD-062041,292.34,292.34,22.49
ORD-001549,165.87,165.87,50.41
ORD-073449,100.12,100.12,9.73
ORD-043832,552.18,552.18,40.2
ORD-070479,1065.0,926.99,16.44
ORD-075700,1181.16,1181.16,20.09
ORD-019204,320.54,320.54,54.02
ORD-061086,233.64,233.64,13.37
ORD-025010,1020.44,1020.44,53.42
ORD-071861,1535.52,1535.52,41.6
ORD-069307,1290.64,1006.98,57.35
ORD-065717,184.24,184.24,51.17
ORD-036848,394.8,343.16,45.49
ORD-013122,473.32,340.08,56.59
ORD-008850,1049.04,1049.04,11.93
ORD-073483,714.66,714.66,40.97
ORD-045553,217.31,217.31,19.32
ORD-039207,195.84,119.62,21.7
ORD-056663,230.02,230.02,26.15
ORD-033109,498.41,498.41,26.64
ORD-050971,579.75,579.75,39.26
ORD-023511,697.38,511.64,10.25
ORD-069792,344.7,262.01,57.44
ORD-056728,1312.98,827.7,6.14
ORD-009266,711.69,711.69,21.81
ORD-011588,634.2,634.2,39.21
ORD-074025,316.12,245.64,29.36
ORD-026949,972.12,852.17,14.82
ORD-040734,1074.96,1074.96,16.51
ORD-037957,554.07,554.07,31.71
ORD-015708,377.0,377.0,12.87
ORD-043185,1375.32,1375.32,32.69
ORD-013342,308.91,249.24,55.63
ORD-016799,157.56,123.99,43.91
ORD-052105,319.62,319.62,37.52
ORD-047549,1155.12,1155.12,32.16
ORD-034771,1343.68,1343.68,14.12
ORD-049411,1243.95,1243.95,45.42
ORD-016192,621.42,621.42,52.89
ORD-065616,302.28,302.28,52.34
ORD-017746,1434.18,1315.54,35.64
ORD-022965,202.6,139.11,19.94
ORD-060100,1536.9,1536.9,27.61
ORD-072810,1085.76,658.14,28.14
ORD-057247,1033.92,847.41,55.1
ORD-013399,603.6,603.6,30.54
ORD-020562,395.22,395.22,40.79
ORD-063840,1074.6,916.06,58.47
ORD-001195,979.1,979.1,28.68
ORD-016225,614.07,396.72,14.78
ORD-077697,345.64,345.64,49.82
ORD-060724,3250.56,3250.56,35.43
ORD-010565,218.72,218.72,17.35
ORD-020390,278.95,278.95,34.05
ORD-048109,164.87,146.03,38.93
ORD-013515,972.85,741.47,31.92
ORD-040510,348.78,348.78,17.7
ORD-076176,1680.96,1680.96,14.15
ORD-039427,342.5,342.5,24.29
ORD-000958,440.2,440.2,8.85
ORD-004677,665.56,613.27,14.03
ORD-007546,1178.04,841.99,52.08
ORD-022402,905.95,905.95,41.9
ORD-054235,370.4,370.4,13.43
ORD-055341,1225.2,1225.2,12.61
ORD-000030,134.97,134.97,51.54
ORD-054284,245.28,245.28,55.43
ORD-065102,1086.25,1086.25,59.96
ORD-071541,311.9,311.9,15.22
ORD-026846,47.91,32.97,10.92
ORD-048721,962.43,860.38,48.34
ORD-045704,2018.2,1724.02,5.86
ORD-027637,1029.75,1029.75,32.11
ORD-066956,1063.95,763.03,9.76
ORD-029729,255.42,184.73,7.79
ORD-030439,804.6,804.6,33.04
ORD-052644,792.28,536.53,36.79
ORD-074079,1739.45,1739.45,32.02
ORD-055959,2918.75,2918.75,9.1
ORD-009667,664.05,664.05,47.79
ORD-025508,679.68,679.68,54.56
ORD-008416,371.04,245.23,43.85
ORD-001466,371.87,371.87,5.65
ORD-016579,385.82,385.82,15.2
ORD-031256,791.56,689.83,56.24
ORD-040880,374.7,374.7,6.91
ORD-074672,172.71,138.32,12.81
ORD-044850,675.72,675.72,48.88
ORD-052010,521.04,446.49,59.48
ORD-006411,160.18,137.62,58.71
ORD-058204,99.9,99.9,30.03
ORD-051105,684.48,631.1,22.98
ORD-024641,607.5,507.23,10.18
ORD-069240,291.2,291.2,40.46
ORD-061523,1053.24,938.2,45.45
ORD-021927,211.16,211.16,8.26
ORD-046646,1312.68,857.86,30.56
ORD-062876,424.59,424.59,38.41
ORD-070112,843.48,843.48,16.92
ORD-074305,83.16,83.16,25.16
ORD-016619,887.82,887.82,33.99
ORD-029724,901.6,682.18,45.41
ORD-019065,101.03,101.03,44.08
ORD-071009,2788.8,2373.56,21.78
ORD-026983,601.82,601.82,39.57
ORD-033568,986.0,986.0,29.7
ORD-004952,1235.8,1235.8,26.23
ORD-035120,1076.36,1076.36,42.74
ORD-004108,717.9,479.08,25.42
ORD-016171,1731.18,1731.18,15.99
ORD-062456,955.29,955.29,32.85
ORD-041187,338.28,338.28,10.74
ORD-065648,255.59,255.59,19.62
ORD-063294,1453.9,1453.9,22.09
ORD-044240,1443.1,878.93,9.5
ORD-018406,691.2,691.2,14.69
ORD-050908,229.2,229.2,49.89
ORD-024972,1125.0,1125.0,34.41
ORD-029966,272.88,215.02,52.75
ORD-067748,1171.75,892.29,6.64
ORD-046894,387.54,341.81,35.17
ORD-064973,691.75,426.26,24.16
ORD-039681,829.26,829.26,53.0
ORD-077875,276.2,276.2,41.86
ORD-063093,2504.7,2504.7,22.35
ORD-055151,458.76,458.76,20.8
ORD-006210,183.1,137.78,13.94
ORD-013326,1408.38,1408.38,45.84
ORD-039510,719.65,719.65,41.63
ORD-058962,168.62,119.12,22.25
ORD-046224,1244.16,1244.16,23.34
ORD-031157,1285.76,1285.76,35.55
ORD-052638,1328.32,1328.32,40.63
ORD-009574,1143.9,1143.9,45.64
ORD-026694,2461.05,1779.34,30.37
ORD-042438,1713.88,1561.51,13.83
ORD-063773,1595.22,1595.22,18.74
ORD-076672,209.26,209.26,50.17
ORD-030236,311.52,311.52,14.92
ORD-037527,388.65,388.65,53.25
ORD-049329,367.59,331.16,25.53
ORD-029760,531.12,531.12,14.46
ORD-014400,331.53,331.53,9.23
ORD-002065,542.96,327.12,39.32
ORD-010154,586.32,586.32,39.5
ORD-037364,233.07,233.07,59.29
ORD-062224,1726.86,1726.86,33.7
ORD-063538,693.62,693.62,35.76
ORD-045611,802.36,802.36,32.86
ORD-052733,708.56,708.56,32.82
ORD-035092,482.14,482.14,57.95
ORD-020791,413.6,413.6,41.1
ORD-064655,106.52,106.52,9.03
ORD-045082,503.94,503.94,20.94
ORD-059753,83.2,75.39,21.63
ORD-020191,2340.48,2340.48,32.17
ORD-040494,251.43,251.43,43.6
ORD-020440,1032.8,1032.8,57.41
ORD-021488,3274.38,3274.38,28.73
ORD-011497,340.12,254.93,54.37
ORD-037051,281.98,281.98,35.63
ORD-006121,2865.66,2865.66,55.14
ORD-030415,553.24,442.45,38.5
ORD-070026,180.29,116.21,31.19
ORD-041267,1746.0,1746.0,18.76
ORD-020102,707.08,642.89,39.96
ORD-061886,1012.64,742.45,30.54
ORD-008744,1185.12,1185.12,31.87
ORD-007282,852.9,852.9,33.96
ORD-041078,1814.88,1714.82,51.24
ORD-005325,46.98,46.98,53.33
ORD-079907,837.3,837.3,31.28
ORD-054734,1092.6,1092.6,45.74
ORD-028956,1050.24,1050.24,44.91
ORD-050699,229.9,229.9,19.02
ORD-018213,1039.02,626.23,6.17
ORD-016548,616.6,616.6,35.82
ORD-069800,224.83,224.83,16.44
ORD-017837,881.6,533.82,46.29
ORD-024199,102.42,67.19,20.29
ORD-066262,168.44,168.44,47.83
ORD-007881,1786.74,1786.74,35.49
ORD-071873,158.14,129.99,17.68
ORD-077547,177.75,177.75,16.36
ORD-076821,1010.75,1010.75,33.44
ORD-019412,87.37,87.37,12.48
ORD-031342,889.89,753.22,45.9
ORD-026699,506.34,394.53,12.32
ORD-044425,1130.76,1130.76,50.75
ORD-010314,886.9,886.9,50.93
ORD-004746,566.22,566.22,13.56
ORD-077060,1220.22,783.64,6.4
ORD-078128,250.08,250.08,30.65
ORD-057894,488.94,488.94,21.62
ORD-021914,383.4,383.4,18.07
ORD-057116,1281.84,1216.27,22.87
ORD-022715,563.95,563.95,27.12
ORD-004722,1387.35,1387.35,39.52
ORD-012754,734.64,734.64,25.86
ORD-043756,136.89,136.89,48.34
ORD-021339,529.35,529.35,32.81
ORD-052641,1130.64,1130.64,48.8
ORD-012919,169.74,169.74,12.77
ORD-065415,2746.2,1701.27,28.54
ORD-042709,203.39,203.39,29.73
ORD-061732,1104.1,1104.1,22.54
ORD-078547,197.93,197.93,41.01
ORD-047205,220.56,176.18,55.46
ORD-000459,545.58,476.83,37.61
ORD-038743,438.7,438.7,44.0
ORD-039483,180.69,133.34,58.64
ORD-018809,1854.24,1337.41,17.2
ORD-057434,487.8,487.8,44.33
ORD-018079,961.4,961.4,47.47
ORD-007520,716.55,649.81,54.92
ORD-018405,478.18,310.87,57.88
ORD-034877,319.22,319.22,22.25
ORD-013763,218.29,218.29,29.57
ORD-072534,341.43,341.43,5.68
ORD-070076,256.88,198.45,25.13
ORD-012938,1400.7,1041.18,57.46
ORD-005123,233.5,146.98,21.53
ORD-038947,801.78,801.78,57.71
ORD-071357,1194.14,769.4,28.96
ORD-043945,147.88,147.88,43.53
ORD-079952,620.1,620.1,12.9
ORD-040487,537.06,537.06,35.7
ORD-015119,259.6,259.6,13.28
ORD-032276,855.75,694.15,29.87
ORD-058303,249.66,233.35,10.23
ORD-010079,191.77,191.77,20.87
ORD-061715,764.88,764.88,18.01
ORD-070270,1151.6,1151.6,16.02
ORD-070105,285.05,285.05,9.17
ORD-053993,914.1,632.57,27.62
ORD-005636,226.53,226.53,45.0
ORD-073251,345.14,269.13,5.15
ORD-047904,422.32,422.32,48.81
ORD-036586,1569.84,1569.84,45.28
ORD-009877,324.42,259.65,29.08
ORD-018863,1098.08,1098.08,51.91
ORD-070136,120.81,108.17,47.04
ORD-072538,1236.24,1236.24,21.19
ORD-003234,931.15,562.97,37.22
ORD-027655,1055.35,740.9,8.53
ORD-005226,280.22,280.22,15.97
ORD-018597,163.2,163.2,56.2
ORD-054712,639.05,581.85,42.03
ORD-042071,354.68,354.68,16.92
ORD-001941,1292.28,1292.28,40.91
ORD-032869,869.72,593.55,17.69
ORD-019361,1301.94,1301.94,41.04
ORD-052857,1086.72,1086.72,19.71
ORD-043940,997.89,997.89,10.73
ORD-057433,1685.88,1685.88,19.22
ORD-065112,322.62,322.62,41.65
ORD-021102,789.51,653.38,20.84
ORD-001101,1568.94,1568.94,32.48
ORD-077914,361.74,361.74,32.41
ORD-012802,781.32,781.32,58.15
ORD-029358,391.26,249.67,23.22
ORD-065956,983.3,708.24,58.51
ORD-018297,310.36,310.36,20.89
ORD-056538,347.82,347.82,49.79
ORD-054130,1622.85,1622.85,46.75
ORD-076277,76.87,76.87,29.98
ORD-070431,831.0,831.0,27.7
ORD-045464,378.18,378.18,52.53
ORD-064974,690.12,690.12,10.31
ORD-055164,739.02,739.02,15.92
ORD-057228,309.5,309.5,40.98
ORD-018381,1094.58,1094.58,11.98
ORD-069909,156.86,156.86,17.12
ORD-001712,1080.72,966.12,18.05
ORD-027231,1201.48,1201.48,34.76
ORD-039584,912.9,786.38,40.91
ORD-030430,1639.98,1639.98,11.49
ORD-022630,514.14,514.14,39.18
ORD-001521,1335.0,1335.0,9.06
ORD-008675,128.36,128.36,26.91
ORD-004361,459.68,340.83,12.26
ORD-012568,123.18,123.18,19.58
ORD-032571,1261.56,1261.56,13.19
ORD-048124,492.02,492.02,58.11
ORD-077639,780.3,780.3,31.74
ORD-015748,135.32,135.32,27.63
ORD-044336,185.66,185.66,32.95
ORD-006405,542.16,507.66,53.36
ORD-018996,1278.88,1278.88,16.99
ORD-014533,625.14,412.22,37.78
ORD-073332,1751.82,1751.82,28.4
ORD-019794,796.75,796.75,26.84
ORD-058574,580.62,580.62,50.56
ORD-060208,168.0,168.0,21.66
ORD-042152,403.6,403.6,56.54
ORD-043324,175.11,175.11,35.32
ORD-068092,453.42,453.42,14.07
ORD-073899,1316.46,1205.46,51.86
ORD-029181,475.14,475.14,55.44
ORD-030064,96.42,96.42,35.18
ORD-045546,840.24,840.24,58.28
ORD-065247,814.38,814.38,16.48
ORD-073586,592.9,503.28,16.0
ORD-023904,87.34,87.34,11.75
ORD-067096,1171.72,1171.72,40.7
ORD-001320,1122.4,736.5,19.76
ORD-054653,635.22,635.22,57.82
ORD-063096,1286.68,1286.68,30.66
ORD-070919,208.36,152.3,44.17
ORD-028170,645.4,645.4,59.72
ORD-077465,307.66,307.66,51.94
ORD-055600,696.2,696.2,19.93
ORD-015554,455.84,455.84,55.58
ORD-067770,804.24,804.24,57.25
ORD-003727,1338.12,1338.12,15.61
ORD-066155,988.44,988.44,30.16
ORD-070771,127.9,103.56,10.43
ORD-028545,552.74,552.74,26.3
ORD-020647,143.5,143.5,36.27
ORD-024621,100.37,85.31,30.72
ORD-006674,973.5,973.5,36.19
ORD-064822,218.36,218.36,51.85
ORD-068362,1147.86,1147.86,14.04
ORD-028369,509.04,459.18,22.63
ORD-016761,641.07,641.07,29.92
ORD-018355,150.27,150.27,53.82
ORD-022959,341.61,341.61,37.48
ORD-074891,2893.8,2893.8,35.21
ORD-055507,581.34,581.34,26.79
ORD-034705,669.44,669.44,17.94
ORD-037896,586.74,586.74,5.6
ORD-076775,852.92,852.92,15.13
ORD-060588,1900.86,1258.11,22.69
ORD-040226,479.64,479.64,54.34
ORD-020045,605.88,457.03,16.48
ORD-033725,365.49,289.98,19.63
ORD-020542,147.16,104.69,25.05
ORD-055535,1596.35,1596.35,55.02
ORD-038403,352.68,352.68,23.52
ORD-046169,143.78,143.78,35.81
ORD-004612,279.2,279.2,17.76
ORD-023068,683.56,683.56,52.04
ORD-045429,357.68,357.68,23.82
ORD-062675,1702.52,1702.52,25.05
ORD-017866,358.68,298.44,21.22
ORD-019925,1160.7,832.69,8.51
ORD-058887,748.83,748.83,8.82
ORD-017303,95.76,81.9,28.13
ORD-003123,314.7,314.7,28.0
ORD-002012,1728.15,1533.22,38.3
ORD-000705,220.18,220.18,39.45
ORD-039164,118.08,96.47,49.4
ORD-033357,427.42,427.42,40.68
ORD-018075,1237.47,1237.47,11.58
ORD-066786,379.4,379.4,41.0
ORD-066552,1481.24,1088.52,25.99
ORD-017813,408.96,299.51,7.14
ORD-053631,1077.55,955.4,40.72
ORD-021183,758.04,594.71,43.5
ORD-023434,136.86,83.05,11.26
ORD-061598,280.66,255.39,57.06
ORD-054802,1733.65,1733.65,31.46
ORD-032811,250.96,196.94,17.83
ORD-050409,1318.56,951.39,20.87
ORD-048180,560.22,560.22,37.5
ORD-061272,1286.04,1286.04,10.56
ORD-020265,371.75,301.9,41.82
ORD-060218,777.52,777.52,34.98
ORD-024977,2217.36,2217.36,48.62
ORD-029579,1929.68,1771.08,47.23
ORD-015819,995.85,995.85,23.4
ORD-052150,355.5,355.5,49.74
ORD-023594,170.26,170.26,29.96
ORD-076377,499.42,499.42,31.96
ORD-054535,282.22,282.22,7.83
ORD-071921,1701.7,1122.12,27.05
ORD-035077,174.1,174.1,24.58
ORD-051621,273.31,273.31,24.14
ORD-007118,1089.12,1089.12,52.82
ORD-051628,403.2,403.2,34.14
ORD-078250,806.84,806.84,8.65
ORD-024571,198.31,198.31,40.88
ORD-076262,1600.1,1600.1,48.8
ORD-003322,1127.94,1127.94,25.7
ORD-072749,478.26,478.26,43.09
ORD-064276,1113.96,1113.96,24.05
ORD-063932,813.4,813.4,44.16
ORD-079151,228.7,228.7,10.96
ORD-003039,700.08,700.08,57.13
ORD-054960,670.95,670.95,12.61
ORD-051199,332.5,332.5,36.97
ORD-041935,515.72,337.07,59.38
ORD-030863,220.24,220.24,16.99
ORD-005768,678.5,678.5,6.66
ORD-058885,1464.9,1348.56,29.18
ORD-073686,292.37,292.37,18.85
ORD-076459,1487.88,1404.53,48.55
ORD-075787,256.66,256.66,30.63
ORD-065933,1086.5,1086.5,32.84
ORD-006525,521.15,521.15,32.45
ORD-054537,975.56,822.6,53.47
ORD-041395,319.67,319.67,59.6
ORD-059735,955.14,746.74,30.52
ORD-002047,914.2,782.97,49.87
ORD-057301,278.3,194.4,8.81
ORD-058222,866.76,866.76,24.27
ORD-007325,381.04,381.04,10.21
ORD-050974,527.88,527.88,20.69
ORD-068528,187.78,187.78,48.33
ORD-018922,3509.7,3196.98,44.64
ORD-060927,593.91,426.75,31.45
ORD-027726,875.13,875.13,46.61
ORD-078284,1280.15,1280.15,48.74
ORD-001607,343.36,269.78,35.17
ORD-063828,643.98,643.98,28.27
ORD-016466,1599.12,1251.25,14.62
ORD-068474,334.02,334.02,13.7
ORD-075339,1002.65,765.24,24.91
ORD-066692,1222.4,1222.4,19.2
ORD-073030,924.4,786.45,8.21
ORD-075275,1207.25,766.24,23.57
ORD-064317,245.77,208.43,54.83
ORD-072623,1152.93,969.03,34.37
ORD-058406,756.32,756.32,44.66
ORD-026271,702.28,702.28,6.42
ORD-001998,168.32,134.8,32.84
ORD-001605,322.26,322.26,29.47
ORD-038074,939.96,939.96,25.76
ORD-036737,314.1,314.1,15.87
ORD-053666,544.8,480.5,21.91
ORD-045103,143.82,143.82,20.41
ORD-057902,487.28,487.28,16.77
ORD-059835,841.85,841.85,33.88
ORD-003266,433.26,433.26,9.92
ORD-044348,1821.54,1821.54,10.6
ORD-009678,342.25,342.25,50.96
ORD-041030,280.22,280.22,55.71
ORD-019058,501.16,318.72,46.27
ORD-023065,365.24,315.11,53.13
ORD-062764,1151.85,1151.85,55.22
ORD-015821,760.0,760.0,40.75
ORD-075291,158.58,113.55,25.83
ORD-039972,472.02,472.02,22.58
ORD-074638,1641.9,1641.9,9.74
ORD-043096,296.4,296.4,46.97
ORD-027331,227.05,181.91,20.44
ORD-035275,628.68,628.68,37.87
ORD-014196,359.1,359.1,59.66
ORD-058195,377.01,377.01,11.68
ORD-062432,71.11,59.98,29.41
ORD-049552,465.2,465.2,17.39
ORD-014287,860.76,745.15,54.75
ORD-033354,179.44,166.52,37.65
ORD-068579,788.31,619.98,27.3
ORD-015107,152.43,152.43,18.58
ORD-030224,159.64,100.89,6.46
ORD-052011,1345.77,1345.77,53.28
ORD-020257,1131.15,886.34,11.74
ORD-028977,587.8,396.17,46.26
ORD-037202,574.45,441.59,14.27
ORD-043213,734.46,625.87,9.28
ORD-013660,654.72,654.72,18.42
ORD-028262,488.92,488.92,42.85
ORD-059700,1720.62,1720.62,8.47
ORD-077481,459.65,425.57,6.1
ORD-053238,1111.32,775.84,46.78
ORD-036210,773.22,773.22,28.21
ORD-071338,572.32,572.32,40.84
ORD-002884,409.28,267.12,54.79
ORD-001799,282.74,173.54,28.54
ORD-029413,1373.34,1191.73,31.63
ORD-035429,386.9,386.9,41.86
ORD-061966,2702.35,2702.35,25.29
ORD-012020,2846.46,1778.0,9.24
ORD-027211,765.54,765.54,8.89
ORD-001266,228.72,139.66,54.76
ORD-066689,2278.25,2278.25,40.65
ORD-062356,352.95,252.85,31.2
ORD-079286,511.22,511.22,53.62
ORD-074985,1369.8,1369.8,26.59
ORD-002555,597.45,597.45,11.12
ORD-023422,1471.45,1310.27,6.32
ORD-074878,458.9,458.9,6.07
ORD-007715,1691.96,1691.96,27.98
ORD-063056,2050.98,1533.25,7.22
ORD-079884,1179.0,969.88,14.55
ORD-077175,375.26,375.26,37.72
ORD-032079,2092.6,2092.6,21.53
ORD-030682,765.75,765.75,38.72
ORD-067561,1381.92,1004.64,15.42
ORD-023624,363.06,363.06,50.57
ORD-056168,1775.22,1350.37,38.61
ORD-006200,346.76,346.76,37.57
ORD-058112,178.1,135.92,23.54
ORD-071379,676.56,676.56,54.47
ORD-006850,748.35,748.35,33.23
ORD-065625,566.7,566.7,41.1
ORD-032569,1689.1,1689.1,20.65
ORD-031260,1293.3,1022.85,37.06
ORD-044738,1824.9,1824.9,53.95
ORD-036528,522.54,522.54,8.98
ORD-059481,322.55,322.55,25.01
ORD-053835,287.8,287.8,24.3
ORD-043233,445.15,307.29,47.45
ORD-067203,946.86,946.86,18.27
ORD-016381,398.52,359.62,43.11
ORD-064912,1650.0,1054.25,25.58
ORD-054316,276.66,250.95,35.34
ORD-062650,964.98,964.98,42.2
ORD-029110,354.52,354.52,18.35
ORD-012185,594.56,479.62,22.86
ORD-059628,328.56,328.56,46.69
ORD-015879,813.45,591.89,26.6
ORD-029623,1221.65,1221.65,35.85
ORD-015830,394.02,394.02,43.81
ORD-035288,229.82,215.96,38.76
ORD-031699,478.65,478.65,38.54
ORD-000437,138.49,108.66,42.78
ORD-014485,2036.36,2036.36,13.1
ORD-021074,845.48,845.48,8.67
ORD-033042,685.72,412.16,39.37
ORD-066648,101.18,101.18,32.81
ORD-048467,547.72,547.72,56.16
ORD-022526,423.86,423.86,27.97
ORD-049040,457.38,306.79,6.5
ORD-038356,1311.6,1311.6,41.11
ORD-063375,1026.42,1026.42,25.84
ORD-034388,803.7,803.7,43.4
ORD-064727,326.6,218.68,21.74
ORD-066038,677.94,677.94,54.05
ORD-023728,220.92,160.54,17.74
ORD-023255,383.92,383.92,11.73
ORD-026126,324.2,201.04,34.18
ORD-043132,345.26,345.26,12.64
ORD-025495,380.7,334.73,56.43
ORD-026380,925.16,925.16,5.18
ORD-027054,195.62,153.0,43.73
ORD-011653,476.2,476.2,21.6
ORD-068914,1426.92,1426.92,15.39
ORD-027597,217.96,217.96,17.33
ORD-070198,572.3,436.57,56.77
ORD-008289,473.42,473.42,27.56
ORD-062057,871.12,871.12,33.14
ORD-019578,228.31,146.95,15.9
ORD-039987,1532.76,1532.76,15.41
ORD-021008,288.6,288.6,25.52
ORD-035276,1518.18,953.57,14.55
ORD-048295,377.72,377.72,23.87
ORD-019476,227.14,227.14,54.5
ORD-029717,955.08,955.08,5.72
ORD-071032,446.12,446.12,31.95
ORD-067575,1772.67,1066.82,56.83
ORD-030650,483.0,436.01,37.52
ORD-046862,714.06,714.06,57.49
ORD-043870,748.45,748.45,47.92
ORD-021604,175.48,105.98,39.7
ORD-064925,1052.7,1052.7,21.77
ORD-010587,763.75,763.75,13.3
ORD-074589,711.4,711.4,14.29
ORD-040948,1385.04,1385.04,5.5
ORD-078899,587.94,587.94,8.49
ORD-040721,575.4,575.4,9.21
ORD-014895,871.05,871.05,37.3
ORD-026239,545.01,442.71,13.84
ORD-021924,899.35,612.77,37.06
ORD-000984,78.5,78.5,10.67
ORD-038351,684.64,684.64,48.56
ORD-012993,644.22,471.81,33.95
ORD-047343,1397.04,971.67,28.73
ORD-048789,1999.92,1594.03,47.51
ORD-012221,1063.02,1063.02,29.39
ORD-031319,386.8,304.43,44.26
ORD-003286,453.05,453.05,39.94
ORD-038518,986.37,986.37,50.34
ORD-002740,593.91,593.91,37.31
ORD-058815,634.53,634.53,16.33
ORD-022050,1256.4,1256.4,54.63
ORD-046837,2140.12,2140.12,15.98
ORD-076674,1726.32,1428.84,33.22
ORD-014365,520.56,433.49,55.06
ORD-061223,1092.4,1092.4,39.22
ORD-031633,529.3,529.3,43.41
ORD-015306,162.3,124.07,52.12
ORD-034179,731.34,731.34,22.23
ORD-022701,134.56,107.03,5.1
ORD-004411,580.1,580.1,21.2
ORD-017959,1559.8,1559.8,53.47
ORD-019709,205.42,205.42,42.07
ORD-003856,445.68,445.68,42.69
ORD-056480,159.17,159.17,8.74
ORD-078798,240.4,206.69,59.32
ORD-041082,1107.55,1107.55,12.86
ORD-058026,968.12,685.41,28.6
ORD-010916,585.09,384.34,41.48
ORD-059523,1379.8,1379.8,17.77
ORD-065160,1342.25,1342.25,18.1
ORD-064538,1555.35,1555.35,44.09
ORD-050385,924.95,924.95,55.07
ORD-001940,360.65,360.65,26.03
ORD-044492,789.7,789.7,31.74
ORD-055347,1650.5,1055.05,47.22
ORD-059492,100.92,100.92,33.95
ORD-043553,668.46,668.46,31.86
ORD-029686,530.05,530.05,14.26
ORD-024010,480.76,480.76,26.35
ORD-030521,655.88,655.88,36.01
ORD-056638,301.7,248.92,57.43
ORD-056255,1653.5,1653.5,16.8
ORD-007292,3410.04,3410.04,22.92
ORD-023185,495.36,495.36,36.52
ORD-011933,666.35,496.52,17.01
ORD-031100,1947.66,1947.66,15.1
ORD-032805,162.02,162.02,30.39
ORD-041391,281.87,281.87,56.24
ORD-024037,2155.65,1839.19,53.34
ORD-013417,267.15,267.15,51.19
ORD-056134,734.19,734.19,51.2
ORD-075552,484.02,451.01,21.92
ORD-026896,2763.6,2763.6,9.48
ORD-061972,693.16,598.51,42.89
ORD-072223,1538.34,1025.26,55.71
ORD-014047,1080.76,1080.76,29.43
ORD-006575,440.05,440.05,46.56
ORD-020119,1155.04,1155.04,29.27
ORD-079725,372.5,349.9,7.57
ORD-030794,1169.36,1169.36,42.71
ORD-007376,1690.25,1690.25,38.5
ORD-053921,57.13,48.23,35.01
ORD-026818,1987.8,1797.66,31.33
ORD-079148,673.32,673.32,14.41
ORD-007018,184.67,172.0,11.18
ORD-021374,262.9,262.9,53.15
ORD-005931,1151.82,818.72,29.46
ORD-007740,391.62,391.62,44.46
ORD-076060,301.59,200.42,34.96
ORD-060600,1144.84,1144.84,30.5
ORD-003718,682.74,682.74,13.17
ORD-073743,278.76,278.76,43.97
ORD-044517,2592.8,2592.8,24.21
ORD-035825,1395.9,1232.5,38.51
ORD-026615,321.64,321.64,56.02
ORD-061361,610.98,610.98,31.37
ORD-002239,537.23,537.23,17.53
ORD-046026,397.78,397.78,29.8
ORD-042688,1258.25,1258.25,30.91
ORD-009280,998.94,998.94,23.87
ORD-051656,276.28,276.28,57.05
ORD-008974,2030.7,2030.7,32.98
ORD-019004,275.14,171.33,35.72
ORD-051140,1271.88,1006.36,33.83
ORD-061418,1116.45,1116.45,20.26
ORD-012002,776.58,776.58,26.92
ORD-046856,775.08,775.08,16.19
ORD-001311,331.54,250.46,11.44
ORD-050077,1931.12,1931.12,33.28
ORD-004896,608.28,608.28,26.31
ORD-014217,317.84,317.84,45.93
ORD-045880,322.01,242.6,15.35
ORD-023377,1125.06,1125.06,13.01
ORD-002343,1236.18,1236.18,29.06
ORD-056610,504.85,504.85,10.35
ORD-066275,1123.8,1123.8,28.46
ORD-045226,558.04,558.04,15.41
ORD-054464,914.7,797.53,46.79
ORD-047914,727.8,727.8,37.25
ORD-075628,237.48,237.48,27.48
ORD-028640,3045.66,3045.66,27.7
ORD-010882,1459.12,1459.12,37.7
ORD-075171,94.79,60.77,42.37
ORD-046679,119.11,119.11,35.38
ORD-070902,681.06,681.06,6.61
ORD-039038,1023.54,1023.54,31.79
ORD-049198,1027.4,924.72,49.13
ORD-006108,1046.9,792.41,20.44
ORD-022126,227.53,227.53,24.09
ORD-054152,255.36,222.87,30.7
ORD-050232,2330.22,2330.22,18.25
ORD-004539,1250.04,1250.04,33.82
ORD-002050,1568.1,955.77,5.2
ORD-030639,1103.68,788.46,36.1
ORD-017435,1223.4,1223.4,26.76
ORD-059772,426.2,265.88,15.93
ORD-026298,485.72,485.72,25.8
ORD-012289,832.44,832.44,41.37
ORD-021651,730.7,593.78,35.09
ORD-018061,717.12,717.12,42.4
ORD-015364,748.83,748.83,5.78
ORD-056430,584.26,468.86,55.59
ORD-063571,1725.72,1725.72,40.67
ORD-005327,214.62,214.62,44.48
ORD-056872,445.46,445.46,14.76
ORD-035058,390.57,390.57,5.79
ORD-038275,1577.82,1037.81,21.39
ORD-063767,618.55,618.55,54.51
ORD-065386,150.12,113.32,29.24
ORD-061495,825.8,641.21,36.26
ORD-066782,1673.22,1347.78,13.64
ORD-072243,1241.56,1241.56,53.47
ORD-013530,1171.8,1171.8,10.81
ORD-016952,1468.32,1468.32,14.73
ORD-040232,343.86,214.45,50.1
ORD-053654,841.68,786.59,6.68
ORD-042794,246.71,246.71,47.91
ORD-005254,996.84,996.84,52.65
ORD-068964,208.98,156.49,46.67
ORD-062620,976.16,976.16,30.38
ORD-003223,234.76,234.76,17.61
ORD-002119,1036.08,1036.08,7.59
ORD-047458,1185.5,1185.5,57.29
ORD-060120,621.04,621.04,24.61
ORD-037862,191.15,180.22,18.32
ORD-022996,166.35,166.35,43.92
ORD-053552,346.54,346.54,24.64
ORD-060346,501.7,501.7,15.54
ORD-047266,877.41,644.71,36.99
ORD-015023,298.64,298.64,13.97
ORD-021383,489.98,489.98,11.2
ORD-026506,274.92,274.92,28.0
ORD-046739,522.75,522.75,45.88
ORD-036801,380.52,321.33,58.31
ORD-046135,253.06,215.36,11.11
ORD-064129,104.55,104.55,18.43
ORD-076792,99.21,99.21,5.3
ORD-036983,479.9,479.9,23.37
ORD-053746,292.36,292.36,38.3
ORD-041489,757.55,757.55,58.31
ORD-015861,865.78,865.78,34.81
ORD-043037,1631.16,1631.16,46.4
ORD-046570,258.31,258.31,14.11
ORD-060021,263.2,263.2,28.44
ORD-039934,692.0,527.09,27.55
ORD-076566,162.91,101.51,13.73
ORD-014303,468.39,468.39,10.71
ORD-044104,183.07,183.07,32.7
ORD-001796,1444.32,1076.01,43.05
ORD-017045,178.32,178.32,53.56
ORD-000441,756.0,756.0,56.15
ORD-055995,88.06,63.05,35.41
ORD-013788,605.72,605.72,18.72
ORD-042734,386.7,250.72,16.41
ORD-007531,422.5,396.47,9.09
ORD-061656,599.7,599.7,19.39
ORD-059498,1304.4,1304.4,41.98
ORD-071431,582.0,582.0,5.87
ORD-036862,421.4,288.75,22.11
ORD-078759,391.5,391.5,11.48
ORD-044477,668.86,406.12,8.35
ORD-020595,238.63,238.63,55.59
ORD-064114,186.64,130.07,55.94
ORD-022728,563.9,563.9,44.38
ORD-055281,882.27,882.27,7.33
ORD-000300,2272.8,2272.8,58.33
ORD-010865,70.82,70.82,19.29
ORD-056472,260.58,177.58,15.81
ORD-032174,272.67,272.67,50.13
ORD-039789,337.26,337.26,30.57
ORD-078761,190.3,124.83,9.66
ORD-026171,474.54,474.54,55.06
ORD-078267,526.08,526.08,18.8
ORD-064773,1297.92,1297.92,30.08
ORD-052376,661.68,661.68,36.56
ORD-025056,616.88,507.18,38.24
ORD-004209,465.88,370.52,30.2
ORD-037536,419.3,347.33,16.01
ORD-063658,974.28,748.99,21.3
ORD-041778,157.59,128.3,31.63
ORD-011170,876.36,876.36,48.25
ORD-069705,114.11,114.11,34.33
ORD-079292,940.92,940.92,15.75
ORD-041219,292.08,292.08,43.91
ORD-001127,643.83,643.83,24.96
ORD-011573,212.38,212.38,42.36
ORD-061859,909.69,909.69,31.08
ORD-066722,830.34,830.34,15.41
ORD-028463,300.72,300.72,35.18
ORD-048384,2853.12,2853.12,53.56
ORD-005333,390.34,390.34,30.87
ORD-020762,246.0,207.71,50.92
ORD-065339,1143.15,982.97,28.12
ORD-023931,1490.85,1490.85,6.56
ORD-062315,1514.46,1514.46,40.38
ORD-021483,660.42,660.42,36.06
ORD-060912,146.94,146.94,9.88
ORD-005968,449.91,449.91,24.23
ORD-036128,185.44,185.44,10.76
ORD-014393,224.78,207.6,56.89
ORD-049251,117.42,81.61,34.52
ORD-054313,887.2,887.2,29.61
ORD-057979,322.09,322.09,42.45
ORD-017564,363.0,363.0,23.32
ORD-028194,2086.2,1402.6,35.41
ORD-009507,154.55,114.18,38.25
ORD-018509,740.88,740.88,29.52
ORD-024065,647.6,486.92,53.57
ORD-031931,148.53,148.53,28.8
ORD-030651,1648.2,1648.2,55.01
ORD-051190,608.48,608.48,33.97
ORD-037434,1584.65,1584.65,28.5
ORD-041016,820.7,687.64,41.79
ORD-043717,1270.68,1270.68,9.46
ORD-040586,437.84,437.84,35.9
ORD-001645,382.83,332.49,52.01
ORD-009876,320.06,283.32,26.41
ORD-049118,704.12,704.12,17.65
ORD-065166,1423.15,1122.37,46.52
ORD-006651,537.62,537.62,34.36
ORD-042292,679.56,470.4,13.3
ORD-049120,325.7,211.16,14.99
ORD-060701,258.46,258.46,59.9
ORD-061806,1624.15,1004.87,21.52
ORD-071636,730.53,730.53,15.91
ORD-014603,1604.15,1190.63,32.72
ORD-039541,137.94,107.14,50.75
ORD-006726,2048.58,2048.58,46.21
ORD-076407,632.75,448.43,38.04
ORD-007380,304.24,240.81,46.47
ORD-035004,298.17,187.31,24.33
ORD-042270,1898.34,1898.34,29.34
ORD-057045,727.72,727.72,18.84
ORD-073193,605.84,478.51,48.18
ORD-006717,1084.86,1084.86,37.33
ORD-021938,379.2,348.58,52.69
ORD-024873,717.36,678.63,22.59
ORD-019979,1138.98,1138.98,56.23
ORD-043539,440.96,440.96,59.66
ORD-073776,97.6,97.6,32.8
ORD-021448,804.33,804.33,23.38
ORD-040627,305.48,305.48,23.46
ORD-022583,259.98,259.98,30.84
ORD-055302,330.37,229.43,53.97
ORD-033211,541.68,541.68,47.13
ORD-033979,146.74,146.74,46.91
ORD-047604,634.98,634.98,45.67
ORD-011187,854.44,854.44,15.12
ORD-055864,208.52,208.52,34.87
ORD-043063,196.78,196.78,16.14
ORD-033231,276.78,170.35,16.64
ORD-066384,876.88,876.88,43.23
ORD-011941,1185.55,1185.55,50.11
ORD-020447,176.26,135.36,39.6
ORD-013559,729.12,729.12,37.4
ORD-078552,183.16,156.19,5.03
ORD-010599,201.15,201.15,29.58
ORD-028509,1598.46,1391.26,24.25
ORD-077045,1311.27,1311.27,54.46
ORD-065434,707.92,707.92,53.9
ORD-012245,1078.68,1078.68,50.59
ORD-041815,1392.55,1222.08,9.81
ORD-005630,778.14,778.14,47.72
ORD-022424,195.2,138.92,22.29
ORD-026038,184.3,169.84,32.97
ORD-052937,732.54,732.54,5.84
ORD-042357,414.06,414.06,57.79
ORD-029224,474.38,351.54,33.61
ORD-041411,1128.42,1128.42,23.28
ORD-012747,408.6,408.6,42.95
ORD-042933,415.4,415.4,19.41
ORD-072280,2718.84,2718.84,20.96
ORD-000996,355.4,355.4,28.56
ORD-026766,170.05,170.05,36.32
ORD-003728,1629.3,1629.3,34.76
ORD-050350,502.56,502.56,30.68
ORD-056167,933.92,933.92,20.81
ORD-063952,1575.78,1575.78,54.26
ORD-039135,878.04,878.04,56.26
ORD-061490,297.0,216.7,40.33
ORD-053455,1495.02,1495.02,31.0
ORD-003062,66.87,66.87,49.71
ORD-034535,1320.6,1320.6,45.32
ORD-021256,1108.45,682.39,49.37
ORD-069401,639.39,533.51,26.59
ORD-051171,417.2,320.25,9.58
ORD-019781,213.66,181.53,31.09
ORD-046029,545.1,429.73,33.37
ORD-016994,624.93,624.93,8.34
ORD-027889,508.68,508.68,39.99
ORD-033700,414.66,357.7,29.17
ORD-044790,381.87,381.87,28.19
ORD-068625,411.08,411.08,44.58
ORD-068035,606.06,479.66,16.87
ORD-056929,458.45,421.64,56.21
ORD-054963,696.96,428.68,15.18
ORD-073269,555.95,555.95,38.93
ORD-005843,711.76,711.76,17.98
ORD-020640,689.79,689.79,48.05
ORD-076291,416.05,416.05,37.83
ORD-054327,1515.06,1515.06,57.92
ORD-013943,982.48,800.22,36.03
ORD-001442,537.06,483.29,51.49
ORD-067008,283.26,283.26,18.05
ORD-027462,133.84,114.94,31.28
ORD-038509,288.34,288.34,25.51
ORD-003635,1599.45,1599.45,30.6
ORD-040817,1369.05,1369.05,31.9
ORD-047253,816.32,816.32,29.44
ORD-028603,400.44,342.97,25.09
ORD-048501,779.49,779.49,18.13
ORD-031719,167.16,167.16,46.03
ORD-075195,2807.28,2807.28,33.68
ORD-055895,1089.06,1089.06,36.96
ORD-074417,922.2,922.2,46.6
ORD-016445,452.06,305.46,17.53
ORD-022368,1360.35,1022.46,44.03
ORD-043633,419.72,329.68,56.59
ORD-077206,587.01,587.01,30.68
ORD-058680,517.56,418.01,9.13
ORD-059045,522.58,407.34,38.75
ORD-026272,724.17,724.17,50.5
ORD-033318,160.87,160.87,21.94
ORD-070451,364.08,364.08,29.08
ORD-032396,255.75,255.75,9.83
ORD-078316,1217.64,1217.64,38.68
ORD-021232,626.34,378.05,32.64
ORD-046414,396.09,396.09,54.65
ORD-021289,1016.28,742.19,42.54
ORD-012672,877.83,877.83,7.13
ORD-010119,884.44,884.44,6.76
ORD-007830,203.35,189.89,33.4
ORD-079986,479.08,479.08,34.69
ORD-038067,1512.78,1512.78,49.67
ORD-037000,243.47,155.9,38.38
ORD-067961,855.27,855.27,58.21
ORD-022719,180.3,180.3,36.38
ORD-007387,185.43,141.1,19.53
ORD-037160,580.85,580.85,31.36
ORD-025467,900.36,900.36,34.69
ORD-047480,256.69,157.55,26.71
ORD-062252,584.5,584.5,55.36
ORD-043322,276.33,255.81,46.89
ORD-001568,1733.64,1733.64,7.85
ORD-028191,320.04,320.04,26.74
ORD-023525,751.65,705.46,35.33
ORD-014722,1017.88,690.42,27.9
ORD-064257,325.24,301.99,31.76
ORD-030181,876.54,876.54,33.97
ORD-047125,637.56,637.56,20.38
ORD-015749,50.61,50.61,18.48
ORD-049847,733.5,733.5,22.33
ORD-001576,400.23,306.02,7.76
ORD-026536,1377.54,1249.38,5.13
ORD-053070,1134.36,1134.36,31.57
ORD-063721,309.98,309.98,7.62
ORD-010705,438.2,352.4,7.66
ORD-003987,1558.32,1558.32,28.31
ORD-023355,206.73,140.54,23.7
ORD-034866,1206.18,1206.18,45.79
ORD-031883,986.4,986.4,27.79
ORD-047238,673.8,601.02,32.6
ORD-076602,114.19,96.22,45.12
ORD-021817,293.75,278.33,34.82
ORD-041166,542.76,326.68,30.44
ORD-057041,771.12,771.12,37.12
ORD-075566,1812.5,1812.5,30.68
ORD-031398,557.7,457.64,35.59
ORD-067879,522.3,492.88,36.38
ORD-015772,695.07,695.07,55.47
ORD-061179,713.6,713.6,48.21
ORD-032559,350.9,350.9,36.81
ORD-031175,553.89,404.82,43.88
ORD-035065,196.89,196.89,51.29
ORD-004170,114.22,73.52,57.17
ORD-061442,1720.75,1509.93,42.95
ORD-040173,547.04,547.04,39.99
ORD-002223,1183.88,1183.88,52.69
ORD-076222,492.84,492.84,13.64
ORD-026432,444.96,444.96,52.92
ORD-039272,391.4,391.4,22.01
ORD-023720,503.13,503.13,41.26
ORD-015218,1110.65,1110.65,58.69
ORD-024543,245.9,245.9,6.54
ORD-009300,275.93,275.93,33.97
ORD-054183,320.38,232.25,52.65
ORD-064318,214.32,177.08,9.64
ORD-038610,392.16,392.16,21.34
ORD-070889,245.04,194.84,33.75
ORD-034650,374.6,374.6,27.92
ORD-024158,735.12,495.68,24.67
ORD-027794,1195.92,1114.02,20.92
ORD-018247,932.64,932.64,54.88
ORD-004389,207.94,192.23,57.96
ORD-001810,329.08,296.78,39.96
ORD-004421,206.64,206.64,37.11
ORD-076140,667.17,667.17,9.76
ORD-001763,1643.9,1125.96,38.83
ORD-042479,340.18,302.24,53.79
ORD-060388,88.48,88.48,38.98
ORD-072861,485.16,353.64,54.65
ORD-015781,805.86,634.59,19.51
ORD-045551,729.99,729.99,49.08
ORD-047187,1065.2,1065.2,52.88
ORD-031270,413.2,413.2,41.61
ORD-054862,210.79,210.79,38.8
ORD-030842,210.11,210.11,55.96
ORD-078412,951.8,668.34,16.3
ORD-070375,2502.4,2502.4,50.39
ORD-078332,938.6,938.6,45.88
ORD-065928,260.14,260.14,59.78
ORD-068601,231.82,154.06,32.52
ORD-065778,254.2,237.9,5.95
ORD-074461,1216.92,865.85,10.66
ORD-057745,999.66,999.66,20.58
ORD-030218,775.4,649.0,14.39
ORD-047689,174.12,174.12,37.98
ORD-071761,53.0,53.0,21.95
ORD-046793,604.92,604.92,25.78
ORD-023929,472.34,387.41,17.68
ORD-011569,270.3,270.3,52.56
ORD-010879,910.9,910.9,8.59
ORD-037091,407.73,296.45,14.31
ORD-034139,507.52,404.57,20.62
ORD-011646,540.56,540.56,58.33
ORD-073369,356.16,356.16,40.48
ORD-079495,241.74,192.33,11.93
ORD-031960,124.46,124.46,8.94
ORD-015025,845.88,845.88,41.71
ORD-026584,921.88,566.6,35.89
ORD-009238,1149.9,1149.9,32.04
ORD-005802,619.02,528.76,20.93
ORD-043587,590.44,510.96,20.57
ORD-060320,125.62,94.64,6.04
ORD-033389,272.55,168.29,59.76
ORD-012416,292.31,292.31,45.41
ORD-061857,126.58,95.57,12.52
ORD-036044,275.85,275.85,45.04
ORD-069427,1467.95,1467.95,13.87
ORD-028829,630.36,630.36,17.27
ORD-063207,98.06,98.06,8.5
ORD-031813,247.11,247.11,57.42
ORD-032671,1253.22,1253.22,43.03
ORD-079685,214.17,182.54,56.4
ORD-039015,657.87,657.87,38.57
ORD-060324,324.03,324.03,37.88
ORD-044555,1379.7,1031.96,42.09
ORD-049608,528.46,528.46,33.91
ORD-009932,1025.88,794.2,39.08
ORD-063500,673.3,589.8,38.43
ORD-050305,228.12,228.12,20.82
ORD-067922,1545.18,1545.18,48.27
ORD-012139,1305.9,1305.9,13.57
ORD-029895,1367.05,1367.05,49.54
ORD-066382,706.86,613.24,23.62
ORD-045076,135.4,135.4,10.76
ORD-004066,380.52,276.63,7.81
ORD-066774,340.5,340.5,30.95
ORD-006136,1426.15,1266.3,36.3
ORD-024822,2449.56,2449.56,29.28
ORD-065276,120.53,120.53,34.68
ORD-013550,589.7,589.7,40.27
ORD-012816,804.84,804.84,54.3
ORD-042445,554.6,554.6,59.92
ORD-025581,263.67,263.67,9.48
ORD-003199,963.66,963.66,19.17
ORD-002855,1204.5,1019.07,6.95
ORD-058054,641.95,475.91,42.49
ORD-025534,618.56,618.56,20.76
ORD-026696,757.96,757.96,30.22
ORD-011456,429.76,429.76,34.07
ORD-038516,512.08,512.08,16.69
ORD-056284,276.46,276.46,19.9
ORD-001185,991.86,991.86,59.38
ORD-045447,236.6,236.6,13.49
ORD-002616,320.2,320.2,35.67
ORD-057595,338.22,257.59,38.5
ORD-043672,1413.6,848.83,30.32
ORD-045323,571.55,375.44,38.45
ORD-069962,154.36,146.18,14.19
ORD-068721,235.42,197.92,36.34
ORD-065348,217.8,217.8,31.48
ORD-047217,693.9,537.7,38.7
ORD-051442,1180.32,1180.32,7.05
ORD-075323,1585.5,1585.5,6.13
ORD-014749,986.04,603.52,9.51
ORD-040851,252.72,212.78,31.67
ORD-068853,572.26,572.26,19.69
ORD-032566,2019.42,1910.52,24.54
ORD-078469,1875.2,1875.2,42.92
ORD-069571,979.18,979.18,49.82
ORD-033522,600.84,452.5,41.0
ORD-069486,621.04,427.09,22.61
ORD-042906,1484.64,1484.64,55.08
ORD-034461,771.21,771.21,21.21
ORD-048432,580.2,378.59,27.51
ORD-033680,249.42,188.17,31.08
ORD-067610,201.15,201.15,44.85
ORD-034493,650.76,406.8,52.25
ORD-021634,504.35,504.35,44.96
ORD-011810,148.25,148.25,46.76
ORD-001298,754.24,754.24,31.11
ORD-039281,286.04,286.04,26.43
ORD-052329,567.4,567.4,49.69
ORD-037060,937.98,796.09,21.42
ORD-020198,299.88,299.88,24.81
ORD-057532,204.52,204.52,47.11
ORD-011106,816.95,587.04,57.91
ORD-015914,432.0,309.01,14.64
ORD-044416,138.94,138.94,37.25
ORD-074455,146.14,100.88,43.83
ORD-031799,339.12,339.12,59.95
ORD-067893,57.94,47.06,38.06
ORD-010541,967.36,680.45,38.51
ORD-004667,401.22,401.22,45.95
ORD-001706,152.66,152.66,20.21
ORD-037298,125.61,125.61,22.64
ORD-056747,1597.5,1349.9,11.07
ORD-053007,268.16,226.99,38.85
ORD-002087,476.55,476.55,34.72
ORD-011730,1447.9,1447.9,59.04
ORD-041399,81.34,73.28,49.28
ORD-034379,469.68,469.68,40.64
ORD-014964,1072.0,944.24,6.16
ORD-024394,515.9,370.31,51.48
ORD-030273,341.13,341.13,43.07
ORD-026454,327.45,327.45,5.77
ORD-059884,918.12,918.12,45.86
ORD-041445,441.64,410.74,54.67
ORD-018329,646.7,646.7,17.17
ORD-020936,512.88,512.88,19.49
ORD-054345,336.04,336.04,54.69
ORD-059950,1228.62,1228.62,13.04
ORD-047024,516.66,477.28,25.22
ORD-072960,472.53,410.61,49.01
ORD-051883,1377.48,1377.48,15.43
ORD-026148,241.25,241.25,15.51
ORD-036997,203.31,203.31,53.33
ORD-032773,1392.8,1392.8,11.0
ORD-022966,918.36,918.36,51.6
ORD-066717,590.96,590.96,14.21
ORD-019902,1261.26,800.99,10.39
ORD-005541,1243.04,853.48,54.35
ORD-017446,479.58,479.58,39.42
ORD-065494,761.07,585.82,39.63
ORD-039883,230.13,230.13,56.42
ORD-022259,497.16,469.42,18.25
ORD-043457,590.52,590.52,30.32
ORD-059869,664.4,664.4,53.43
ORD-048785,418.14,315.3,17.51
ORD-000983,864.12,864.12,30.63
ORD-074650,345.5,214.41,10.0
ORD-047129,336.97,210.97,5.18
ORD-065368,1329.48,1329.48,47.08
ORD-024886,453.78,453.78,25.4
ORD-048604,264.84,221.61,31.62
ORD-021941,295.54,240.43,47.08
ORD-009546,464.44,464.44,48.61
ORD-072018,215.36,215.36,24.22
ORD-029045,415.2,415.2,37.44
ORD-035838,1533.78,940.8,16.82
ORD-061312,1147.1,939.47,18.49
ORD-012896,518.94,518.94,7.05
ORD-079686,401.16,401.16,30.45
ORD-051699,212.12,212.12,21.8
ORD-047474,585.82,389.85,57.36
ORD-075090,771.1,771.1,35.51
ORD-000100,1316.4,982.3,54.56
ORD-004850,858.72,858.72,58.17
ORD-001178,803.4,803.4,14.76
ORD-006069,422.32,422.32,55.12
ORD-034603,824.34,824.34,21.69
ORD-013431,229.56,229.56,44.46
ORD-074181,2322.6,2322.6,16.52
ORD-005082,809.12,809.12,7.32
ORD-062086,342.6,254.39,21.49
ORD-065293,1050.72,1050.72,56.98
ORD-042531,274.8,197.4,37.4
ORD-022356,293.49,293.49,37.31
ORD-075302,1341.36,1341.36,45.64
ORD-007293,881.76,881.76,57.39
ORD-036441,484.36,484.36,40.27
ORD-026086,993.45,993.45,31.61
ORD-026950,1076.91,1076.91,46.41
ORD-015630,291.9,291.9,12.46
ORD-036611,120.11,120.11,36.86
ORD-030423,139.7,106.04,25.44
ORD-050753,597.27,597.27,7.91
ORD-024086,93.18,57.74,31.31
ORD-025060,827.56,745.28,40.27
ORD-009968,232.32,199.1,40.41
ORD-034626,184.95,184.95,7.0
ORD-063826,831.4,831.4,40.09
ORD-076827,1670.88,1300.77,48.39
ORD-014684,860.31,608.16,7.07
ORD-021216,969.84,969.84,33.9
ORD-075104,436.82,323.38,6.81
ORD-000124,923.4,923.4,55.66
ORD-048733,1243.86,780.46,46.67
ORD-032122,502.9,441.38,31.0
ORD-000771,1374.24,1374.24,35.81
ORD-075623,418.96,418.96,51.02
ORD-012830,833.88,833.88,56.15
ORD-006802,535.31,535.31,47.18
ORD-063239,469.6,383.7,40.68
ORD-051740,550.12,550.12,28.72
ORD-057302,1217.52,893.68,20.5
ORD-020717,347.0,347.0,52.9
ORD-063516,2372.1,2372.1,50.37
ORD-050324,280.44,280.44,12.11
ORD-022502,2490.3,1693.05,43.98
ORD-070370,79.28,79.28,6.7
ORD-017409,577.86,388.84,18.4
ORD-012994,832.08,832.08,24.3
ORD-059567,112.08,112.08,24.12
ORD-029771,322.14,261.93,24.78
ORD-031010,790.83,790.83,26.93
ORD-016041,1356.08,1356.08,40.79
ORD-041961,395.6,304.44,48.46
ORD-064308,399.64,326.49,5.27
ORD-037329,834.84,834.84,59.33
ORD-032882,150.38,150.38,20.02
ORD-045889,793.56,793.56,53.48
ORD-025552,274.11,274.11,33.69
ORD-002552,1375.0,1375.0,21.19
ORD-027481,2181.48,2181.48,30.32
ORD-046564,1554.04,1397.14,16.9
ORD-016023,1459.05,1459.05,52.48
ORD-003181,981.24,841.9,39.56
ORD-011581,1810.44,1810.44,20.15
ORD-043605,1233.0,1233.0,47.75
ORD-050480,433.3,289.63,11.73
ORD-028000,1665.54,1171.12,26.32
ORD-064789,526.1,526.1,21.9
ORD-042605,338.56,273.16,29.53
ORD-013617,294.38,294.38,18.97
ORD-012111,920.05,920.05,29.45
ORD-052999,1388.9,1388.9,18.57
ORD-069493,588.76,550.22,40.8
ORD-069495,1377.9,1377.9,49.41
ORD-033010,572.4,572.4,8.28
ORD-069578,147.92,147.92,44.0
ORD-013145,2676.7,1836.83,39.14
ORD-006122,287.13,287.13,15.52
ORD-048992,3021.3,3021.3,48.49
ORD-071877,1100.55,898.75,27.59
ORD-017702,772.9,772.9,49.93
ORD-042727,447.93,361.76,32.85
ORD-064921,603.08,480.38,53.59
ORD-078320,1372.35,1372.35,59.01
ORD-018685,300.3,300.3,5.56
ORD-064956,2373.1,2373.1,47.91
ORD-024736,207.5,207.5,41.18
ORD-054471,2494.7,1912.93,54.41
ORD-037886,984.0,984.0,19.34
ORD-046257,219.04,152.64,13.58
ORD-007514,1368.95,1368.95,11.23
ORD-006621,594.96,491.03,53.59
ORD-055038,418.2,304.47,58.61
ORD-044817,248.0,248.0,28.58
ORD-039127,1432.32,935.31,9.06
ORD-041322,831.72,618.49,39.67
ORD-020266,683.8,683.8,24.2
ORD-050315,161.98,161.98,15.81
ORD-049224,265.22,265.22,19.13
ORD-050084,114.8,114.8,30.57
ORD-040281,84.42,58.82,8.34
ORD-007563,511.0,511.0,11.67
ORD-002037,328.85,328.85,35.45
ORD-065988,832.75,623.29,33.14
ORD-071180,1836.4,1836.4,48.6
ORD-005547,606.44,606.44,16.43
ORD-072055,392.86,392.86,10.78
ORD-039529,306.12,306.12,53.52
ORD-008876,1173.25,1173.25,9.62
ORD-066230,2560.14,2560.14,45.18
ORD-073683,383.97,249.25,30.61
ORD-002309,83.02,83.02,47.03
ORD-044490,1842.36,1842.36,53.86
ORD-046307,457.2,274.78,48.64
ORD-011625,693.96,693.96,17.88
ORD-017350,282.04,282.04,25.11
ORD-008452,1525.45,1525.45,40.07
ORD-062659,616.68,460.8,33.34
ORD-039915,133.25,110.99,11.82
ORD-051463,559.7,462.11,52.59
ORD-022197,713.88,478.0,40.55
ORD-054018,188.16,188.16,28.59
ORD-006438,453.09,453.09,30.21
ORD-006606,1887.48,1887.48,43.54
ORD-018498,1345.95,1345.95,36.18
ORD-057774,329.43,329.43,14.04
ORD-030184,740.0,740.0,35.67
ORD-018795,251.5,157.34,32.1
ORD-068045,625.62,625.62,29.8
ORD-078990,585.99,368.37,42.8
ORD-047215,1946.95,1946.95,21.78
ORD-051265,366.95,366.95,30.7
ORD-076217,206.82,186.17,14.64
ORD-079438,972.87,849.39,24.1
ORD-044356,565.58,456.78,35.29
ORD-028525,747.48,644.56,38.32
ORD-009551,194.16,139.66,54.76
ORD-040557,1341.76,934.77,46.2
ORD-011328,250.45,250.45,45.71
ORD-009028,119.67,119.67,19.26
ORD-042174,41.02,41.02,26.3
ORD-058216,167.32,138.02,21.64
ORD-072718,126.64,126.64,58.26
ORD-039888,1644.54,1644.54,14.93
ORD-069626,629.64,629.64,15.24
ORD-013292,673.4,673.4,16.35
ORD-070282,148.9,139.12,35.83
ORD-054329,465.16,465.16,15.59
ORD-035480,205.35,205.35,28.13
ORD-063451,1234.05,1234.05,15.5
ORD-043530,480.12,480.12,6.41
ORD-046514,700.48,700.48,14.26
ORD-068235,79.49,79.49,29.56
ORD-000091,1780.44,1780.44,20.74
ORD-056778,587.88,502.37,14.29
ORD-041800,841.38,841.38,41.92
ORD-043697,372.2,264.4,51.1
ORD-074404,720.54,720.54,42.85
ORD-008123,155.38,155.38,18.94
ORD-039549,555.12,486.39,39.8
ORD-020397,1104.06,1001.01,21.35
ORD-029077,1991.94,1584.93,56.75
ORD-075712,1481.05,1481.05,34.69
ORD-004736,436.4,436.4,35.01
ORD-040427,295.07,265.81,24.52
ORD-030633,521.2,521.2,56.96
ORD-036306,370.46,370.46,19.46
ORD-075926,406.24,406.24,15.46
ORD-073644,571.88,348.37,56.79
ORD-057741,1237.1,1237.1,48.31
ORD-052129,1033.86,815.84,28.39
ORD-045954,99.86,99.86,52.33
ORD-024899,583.8,583.8,25.8
ORD-012270,213.37,185.18,42.33
ORD-003254,550.08,550.08,30.31
ORD-035942,345.96,345.96,36.89
ORD-031999,513.24,513.24,30.84
ORD-006478,1739.6,1259.08,15.31
ORD-015702,90.27,67.59,28.67
ORD-020466,1334.28,1334.28,10.26
ORD-041733,336.04,336.04,12.04
ORD-023266,339.7,339.7,17.84
ORD-073934,204.84,183.73,59.81
ORD-015084,433.47,433.47,39.59
ORD-041524,795.85,795.85,9.59
ORD-000939,659.2,659.2,55.17
ORD-039534,541.1,541.1,10.9
ORD-035803,152.3,152.3,14.06
ORD-040654,396.52,396.52,5.1
ORD-008449,1210.7,1210.7,48.71
ORD-038723,1480.72,1480.72,35.66
ORD-039629,123.4,123.4,42.59
ORD-069970,225.49,207.81,42.8
ORD-028750,433.7,433.7,39.46
ORD-034288,587.37,587.37,25.35
ORD-079892,615.33,524.23,51.87
ORD-066880,491.28,491.28,28.54
ORD-027645,249.64,249.64,49.49
ORD-003789,801.12,702.27,46.68
ORD-070660,674.92,674.92,12.83
ORD-043762,572.82,374.6,33.02
ORD-059717,1014.0,667.49,53.36
ORD-056433,139.77,139.77,45.74
ORD-041614,513.38,513.38,24.73
ORD-002356,350.55,252.79,33.78
ORD-032793,533.94,416.86,53.65
ORD-060964,210.97,210.97,19.09
ORD-020616,400.65,378.18,47.79
ORD-014630,884.35,884.35,15.49
ORD-001034,382.4,382.4,35.07
ORD-067878,708.0,639.2,5.11
ORD-043896,800.13,800.13,13.14
ORD-004248,164.44,164.44,19.86
ORD-075947,357.06,357.06,38.86
ORD-025741,329.84,329.84,39.36
ORD-026090,1324.2,1324.2,21.92
ORD-069658,315.68,315.68,54.2
ORD-001847,1145.76,1145.76,5.17
ORD-043667,656.25,471.09,40.8
ORD-005030,726.45,688.14,55.56
ORD-001722,949.6,949.6,9.08
ORD-047760,610.6,610.6,22.71
ORD-068702,1762.74,1762.74,32.14
ORD-023387,208.15,208.15,20.9
ORD-045927,538.9,397.7,15.76
ORD-065463,1437.2,1437.2,25.15
ORD-036293,929.85,666.33,22.15
ORD-007375,691.29,691.29,47.28
ORD-026786,41.04,28.59,33.01
ORD-059200,320.24,249.16,19.27
ORD-068168,131.87,131.87,36.53
ORD-025529,1392.9,1392.9,47.23
ORD-002339,524.52,524.52,27.15
ORD-013505,678.46,485.82,6.08
ORD-010511,442.9,442.9,54.67
ORD-046239,180.21,180.21,14.65
ORD-061986,201.24,182.27,34.08
ORD-028062,1664.0,1122.32,37.81
ORD-030986,442.12,292.69,27.39
ORD-058886,429.72,429.72,19.04
ORD-076640,735.8,735.8,12.01
ORD-007936,588.66,474.6,58.34
ORD-008810,632.34,632.34,45.53
ORD-030490,1022.44,671.35,14.75
ORD-029300,2237.65,2237.65,39.73
ORD-079935,1224.24,1224.24,51.72
ORD-039059,1064.34,824.3,25.95
ORD-041853,571.28,359.82,13.54
ORD-042563,104.37,104.37,19.29
ORD-020327,980.34,980.34,39.08
ORD-004799,700.32,700.32,16.3
ORD-044879,752.8,542.91,7.71
ORD-069434,169.59,169.59,56.94
ORD-022313,797.92,797.92,58.86
ORD-016498,65.83,55.2,25.52
ORD-043090,169.12,169.12,35.68
ORD-013714,1042.8,1042.8,49.67
ORD-023060,1210.6,1210.6,59.92
ORD-015800,392.88,392.88,48.65
ORD-032369,207.66,207.66,30.85
ORD-013898,924.6,924.6,14.04
ORD-063368,294.48,213.76,37.16
ORD-064332,1350.1,1212.36,55.88
ORD-021519,318.06,318.06,23.56
ORD-042389,439.28,293.19,10.31
ORD-002581,461.76,350.06,30.72
ORD-038033,808.45,808.45,37.32
ORD-017816,751.02,751.02,25.97
ORD-063196,1521.66,974.5,27.27
ORD-061425,999.22,999.22,13.96
ORD-004903,964.8,964.8,25.8
ORD-066663,101.46,76.26,15.62
ORD-033191,1428.1,1428.1,37.84
ORD-004801,807.08,807.08,51.88
ORD-063588,711.75,711.75,40.82
ORD-016350,1239.0,1239.0,58.95
ORD-043021,1947.78,1947.78,51.45
ORD-067537,268.76,192.08,25.74
ORD-047336,688.12,688.12,55.51
ORD-064924,446.1,446.1,53.22
ORD-044053,106.19,106.19,37.73
ORD-038424,475.86,409.54,56.15
ORD-061323,601.74,601.74,43.66
ORD-029553,836.64,528.11,48.29
ORD-025889,848.84,532.3,36.33
ORD-065841,2027.64,1421.72,51.88
ORD-047329,517.83,517.83,49.72
ORD-073391,1112.4,946.25,25.53
ORD-064732,1161.3,894.67,19.07
ORD-065695,601.16,550.31,47.97
ORD-029275,422.28,422.28,34.19
ORD-057179,1111.6,1111.6,24.3
ORD-065469,248.25,248.25,37.95
ORD-014943,1013.92,1013.92,9.06
ORD-023022,569.85,569.85,18.44
ORD-061199,483.56,357.68,32.37
ORD-077232,1882.38,1882.38,21.46
ORD-000719,621.38,621.38,5.04
ORD-008856,942.18,751.42,23.96
ORD-054072,541.82,541.82,21.88
ORD-068812,852.87,852.87,12.73
ORD-077644,214.36,159.17,21.81
ORD-005603,143.95,143.95,22.5
ORD-045254,141.92,141.92,35.13
ORD-003589,515.8,515.8,47.01
ORD-003682,80.76,55.8,8.34
ORD-066191,1598.52,1479.1,58.43
ORD-043839,745.35,745.35,23.92
ORD-070352,372.82,276.27,29.32
ORD-061544,1707.24,1707.24,46.3
ORD-055588,1362.09,1362.09,20.94
ORD-001254,1385.4,1385.4,43.04
ORD-056775,129.65,129.65,26.18
ORD-028693,394.52,394.52,49.21
ORD-032998,172.0,151.37,11.1
ORD-019145,717.36,717.36,46.9
ORD-069625,49.44,42.43,29.61
ORD-024506,245.16,245.16,38.64
ORD-045915,253.32,235.23,7.08
ORD-040003,668.6,668.6,37.41
ORD-044548,1330.96,1330.96,41.49
ORD-051495,336.86,336.86,55.18
ORD-044220,90.25,73.56,54.81
ORD-054698,540.36,501.78,25.82
ORD-010341,903.76,723.03,50.56
ORD-079666,114.02,108.05,33.97
ORD-039806,675.63,675.63,10.77
ORD-064824,57.23,50.9,36.33
ORD-008127,390.44,279.12,56.68
ORD-057993,478.96,394.85,59.67
ORD-040431,1460.64,1460.64,43.64
ORD-007140,266.85,266.85,38.76
ORD-034835,282.56,282.56,20.15
ORD-014317,1159.8,982.1,38.3
ORD-008768,1118.1,1118.1,19.95
ORD-045312,575.4,575.4,42.06
ORD-061422,521.12,521.12,43.58
ORD-010303,445.65,445.65,48.2
ORD-007753,634.23,560.71,58.53
ORD-038551,1435.38,1435.38,36.97
ORD-011777,640.59,640.59,20.7
ORD-051887,343.26,343.26,19.09
ORD-062141,1112.88,1112.88,25.16
ORD-001647,1130.8,926.36,47.86
ORD-042439,463.35,463.35,53.94
ORD-016062,954.3,872.68,55.02
ORD-033719,159.57,159.57,22.52
ORD-042877,1294.11,1294.11,50.54
ORD-045107,213.45,147.49,56.67
ORD-007440,218.01,218.01,11.17
ORD-048583,62.51,62.51,47.96
ORD-071958,319.96,272.66,27.5
ORD-050206,1388.32,1388.32,34.1
ORD-045485,731.4,731.4,56.35
ORD-027495,258.58,258.58,58.7
ORD-065766,204.08,204.08,27.85
ORD-067273,281.31,281.31,25.45
ORD-068760,885.55,637.2,41.73
ORD-012149,235.65,203.9,24.47
ORD-059321,648.65,648.65,29.87
ORD-076235,1111.96,1111.96,32.03
ORD-053273,288.64,222.84,51.51
ORD-051619,1083.6,1083.6,59.24
ORD-045189,207.19,159.11,40.7
ORD-007301,309.96,309.96,42.49
ORD-057734,622.84,441.93,35.71
ORD-027740,1224.24,1224.24,13.88
ORD-046142,229.14,229.14,54.55
ORD-025492,412.04,389.32,44.34
ORD-056457,679.92,520.5,51.46
ORD-014351,1449.42,1449.42,9.22
ORD-075608,425.25,371.03,8.37
ORD-051363,109.15,109.15,22.06
ORD-041991,201.04,177.13,29.69
ORD-019216,318.4,210.7,40.96
ORD-008425,831.2,740.82,46.18
ORD-023325,863.12,863.12,28.38
ORD-065168,703.5,573.25,51.68
ORD-031495,1562.16,1363.87,35.63
ORD-042028,371.01,371.01,6.24
ORD-070220,743.7,743.7,36.83
ORD-076011,1131.44,1131.44,39.25
ORD-058422,312.93,312.93,9.88
ORD-055617,1072.44,1072.44,51.97
ORD-031384,1236.18,1236.18,36.91
ORD-044296,462.6,397.46,34.21
ORD-007907,1307.1,1307.1,15.17
ORD-067973,539.97,539.97,55.38
ORD-010387,1557.9,1557.9,57.03
ORD-058048,627.84,424.43,59.1
ORD-057357,490.98,330.77,59.97
ORD-039408,1636.2,1296.29,25.98
ORD-041300,1719.0,1719.0,50.18
ORD-055204,284.22,284.22,35.12
ORD-067093,1363.02,1363.02,22.57
ORD-040493,699.03,699.03,17.62
ORD-055903,278.52,278.52,8.49
ORD-060082,355.05,260.67,28.83
ORD-077734,483.52,453.03,54.15
ORD-046072,139.79,139.79,51.86
ORD-007223,271.4,271.4,39.76
ORD-001366,763.11,763.11,50.56
ORD-004087,255.81,222.94,25.58
ORD-052710,473.48,473.48,14.85
ORD-033078,1582.44,1582.44,37.54
ORD-079608,73.01,73.01,33.45
ORD-032071,2534.76,2534.76,6.28
ORD-002316,626.73,626.73,45.36
ORD-054828,613.0,613.0,55.8
ORD-025906,296.82,296.82,57.69
ORD-031524,600.0,600.0,18.38
ORD-045536,238.53,238.53,35.56
ORD-073515,811.05,707.81,22.4
ORD-067411,533.31,533.31,51.51
ORD-049931,281.83,281.83,27.94
ORD-011701,790.8,790.8,46.01
ORD-025933,204.5,204.5,33.47
ORD-037318,448.98,448.98,53.99
ORD-070024,834.36,722.64,16.98
ORD-011298,459.15,459.15,15.97
ORD-045274,768.64,595.8,52.24
ORD-006675,195.38,195.38,10.07
ORD-031017,164.13,164.13,41.2
ORD-015799,373.92,280.14,47.12
ORD-004332,104.97,104.97,41.07
ORD-024082,217.16,217.16,56.14
ORD-079369,50.39,37.52,54.82
ORD-037801,1665.24,1665.24,9.85
ORD-077263,940.48,940.48,32.97
ORD-029872,225.44,225.44,11.6
ORD-076436,121.48,77.89,7.29
ORD-027313,433.98,433.98,31.97
ORD-073090,1012.04,1012.04,5.55
ORD-052854,1111.48,1111.48,29.32
ORD-078817,905.56,905.56,9.7
ORD-001292,329.16,329.16,53.2
ORD-004185,703.59,630.29,25.83
ORD-011467,181.9,181.9,48.73
ORD-071748,946.44,615.16,33.26
ORD-004498,712.96,712.96,59.18
ORD-056277,230.08,213.81,15.35
ORD-030416,908.58,908.58,59.74
ORD-021071,679.02,507.8,52.53
ORD-027920,1346.58,1346.58,11.77
ORD-026106,148.38,132.45,7.57
ORD-064127,334.26,218.29,59.97
ORD-045956,1662.24,1662.24,33.33
ORD-020786,763.89,585.92,17.2
ORD-051494,1193.4,1193.4,42.94
ORD-066254,562.92,454.75,50.86
ORD-023437,466.44,466.44,36.04
ORD-043312,343.68,343.68,5.73
ORD-036764,1452.35,1452.35,8.02
ORD-055808,268.18,268.18,25.88
ORD-002522,752.72,573.36,53.76
ORD-051847,512.58,410.66,25.92
ORD-009153,261.42,261.42,38.46
ORD-035356,749.4,698.99,30.39
ORD-061837,417.18,417.18,11.32
ORD-004142,432.28,365.35,11.44
ORD-032895,476.28,476.28,13.81
ORD-037784,115.43,115.43,44.99
ORD-010619,341.6,341.6,12.95
ORD-053203,227.34,227.34,19.79
ORD-015209,344.1,344.1,35.42
ORD-034266,844.6,844.6,39.74
ORD-000557,527.8,527.8,22.54
ORD-039604,109.51,95.35,54.12
ORD-072455,174.83,174.83,13.51
ORD-027314,83.61,83.61,57.42
ORD-056301,1034.22,710.23,28.22
ORD-028330,247.76,197.97,58.62
ORD-053568,1373.88,1373.88,22.32
ORD-049512,137.77,118.42,10.03
ORD-023133,542.64,542.64,33.87
ORD-048889,1113.4,1113.4,32.76
ORD-042653,359.73,359.73,38.88
ORD-019009,1031.16,859.8,36.31
ORD-071674,1161.5,1161.5,33.55
ORD-058145,2334.08,2334.08,20.37
ORD-078054,234.54,234.54,8.24
ORD-037487,1634.88,1634.88,46.14
ORD-056423,1514.85,1514.85,39.75
ORD-021106,163.92,110.6,8.51
ORD-023259,548.5,484.01,9.98
ORD-072422,1711.44,1711.44,53.43
ORD-071362,1693.8,1343.84,55.92
ORD-053588,932.34,932.34,5.74
ORD-076178,1516.08,1516.08,49.01
ORD-008492,1032.05,621.96,36.77
ORD-027752,1378.0,1378.0,53.02
ORD-001698,950.82,950.82,31.17
ORD-076276,923.4,783.67,35.84
ORD-023867,451.53,335.28,49.25
ORD-042689,290.08,290.08,52.52
ORD-035112,587.48,372.25,11.66
ORD-031347,970.08,970.08,21.74
ORD-020770,593.22,593.22,53.35
ORD-032817,1277.15,1277.15,16.55
ORD-049298,1313.94,1313.94,34.42
ORD-068623,993.3,993.3,57.59
ORD-018573,204.41,204.41,47.33
ORD-008797,1283.0,794.3,59.9
ORD-006159,227.8,181.24,12.71
ORD-054303,990.12,651.17,20.71
ORD-051310,999.0,999.0,47.39
ORD-070582,1122.68,1122.68,18.84
ORD-010190,1063.05,702.57,44.65
ORD-008537,1206.52,1206.52,54.77
ORD-023906,429.68,429.68,41.75
ORD-060719,88.6,88.6,38.74
ORD-037050,643.36,643.36,32.73
ORD-021164,2019.78,2019.78,26.66
ORD-045698,618.66,618.66,26.76
ORD-017000,1205.58,1205.58,30.07
ORD-078822,226.58,226.58,39.31
ORD-034605,525.8,388.65,10.56
ORD-056673,712.85,594.76,29.21
ORD-015765,1727.95,1546.89,19.42
ORD-058828,151.63,151.63,13.07
ORD-068076,1022.35,1022.35,47.74
ORD-057856,466.35,295.5,49.78
ORD-036598,1493.28,1493.28,22.69
ORD-053929,456.88,456.88,42.92
ORD-037699,1481.2,1481.2,11.17
ORD-012752,1085.34,659.87,42.1
ORD-035045,1054.64,1054.64,38.71
ORD-019046,202.36,183.07,45.61
ORD-011002,1251.18,1251.18,50.77
ORD-070687,2561.34,2561.34,10.81
ORD-044179,312.69,312.69,13.94
ORD-043562,2009.7,1340.08,32.1
ORD-063996,333.84,333.84,44.64
ORD-014331,273.24,273.24,6.04
ORD-074850,106.38,106.38,25.53
ORD-051115,977.76,977.76,41.0
ORD-078086,493.2,493.2,55.51
ORD-020657,304.4,304.4,11.73
ORD-004569,862.83,862.83,9.47
ORD-030261,647.97,647.97,5.0
ORD-021565,649.45,553.52,57.26
ORD-009731,1248.56,1248.56,20.63
ORD-079719,1343.64,1343.64,37.17
ORD-033152,825.72,825.72,12.66
ORD-053882,759.54,613.83,14.22
ORD-070034,98.71,98.71,14.15
ORD-077357,1103.4,1103.4,39.87
ORD-029712,244.48,244.48,19.64
ORD-024444,1121.6,1121.6,40.29
ORD-075838,187.03,122.45,39.43
ORD-034031,635.04,635.04,44.51
ORD-039117,901.68,901.68,45.0
ORD-056578,329.4,329.4,9.65
ORD-067049,471.25,363.84,35.38
ORD-019877,1607.9,1607.9,59.49
ORD-068157,1009.25,1009.25,12.62
ORD-075360,1487.88,1487.88,45.96
ORD-058431,1233.55,902.87,5.67
ORD-032878,670.6,670.6,48.68
ORD-060520,104.58,83.96,46.42
ORD-045381,159.39,97.68,37.98
ORD-001435,860.1,860.1,52.22
ORD-024836,155.3,93.58,28.28
ORD-024700,1066.25,1066.25,5.72
ORD-055665,325.26,287.4,51.95
ORD-011332,1586.16,1586.16,35.69
ORD-079029,527.18,355.01,42.31
ORD-028101,218.0,158.43,10.77
ORD-044253,2042.46,2042.46,46.56
ORD-025269,778.83,778.83,33.64
ORD-050458,565.65,565.65,45.63
ORD-059413,169.47,169.47,35.3
ORD-047872,1327.25,1327.25,33.01
ORD-060012,227.17,227.17,38.73
ORD-038946,339.21,339.21,11.72
ORD-042855,317.85,199.4,58.88
ORD-073937,193.03,134.9,12.4
ORD-073806,232.72,232.72,19.68
ORD-002412,147.08,147.08,31.31
ORD-038846,998.34,998.34,28.6
ORD-075707,1395.55,1260.66,21.9
ORD-048042,885.3,885.3,30.56
ORD-073403,382.8,382.8,28.16
ORD-020983,170.66,136.18,13.47
ORD-010042,457.18,314.18,40.15
ORD-067774,151.3,151.3,55.68
ORD-015807,753.84,753.84,46.62
ORD-004848,513.03,513.03,32.58
ORD-018962,888.15,888.15,59.55
ORD-003601,902.92,772.46,50.49
ORD-002111,192.14,168.85,22.29
ORD-053598,550.8,435.76,40.65
ORD-069993,766.24,766.24,10.67
ORD-007732,1421.88,1421.88,45.19
ORD-007946,441.4,397.74,46.01
ORD-012705,128.7,121.37,8.75
ORD-079217,563.31,359.46,50.47
ORD-015069,1550.46,1550.46,32.63
ORD-017038,2865.6,2865.6,28.4
ORD-053872,732.66,732.66,35.83
ORD-079971,2678.82,2678.82,58.03
ORD-031679,1377.6,1377.6,24.2
ORD-061605,227.16,227.16,55.57
ORD-068452,146.28,127.05,44.82
ORD-034409,299.73,299.73,53.83
ORD-011211,152.91,118.07,59.74
ORD-054444,265.41,265.41,55.74
ORD-018688,263.9,263.9,58.83
ORD-039347,270.22,270.22,25.79
ORD-031226,282.32,282.32,42.39
ORD-077672,807.4,807.4,47.75
ORD-066028,655.2,655.2,24.31
ORD-067933,1217.88,1085.39,31.46
ORD-067883,638.38,638.38,46.94
ORD-028172,2776.9,2776.9,40.1
ORD-049126,360.08,248.67,37.3
ORD-037924,899.9,641.73,37.82
ORD-069453,946.4,946.4,23.26
ORD-071007,270.24,270.24,39.06
ORD-053284,617.37,617.37,50.34
ORD-073475,572.55,534.48,16.27
ORD-006170,706.05,706.05,6.41
ORD-064104,625.92,543.01,9.57
ORD-048541,1187.22,1187.22,19.33
ORD-000431,75.76,75.76,19.75
ORD-014343,569.24,569.24,44.66
ORD-041555,283.66,283.66,7.91
ORD-008781,965.68,965.68,35.23
ORD-005319,508.41,508.41,39.45
ORD-005720,428.25,428.25,24.56
ORD-045869,559.38,468.09,47.59
ORD-074864,1055.22,1055.22,40.77
ORD-020058,1451.84,1451.84,44.47
ORD-008677,481.17,316.95,19.91
ORD-005857,1025.84,1025.84,19.39
ORD-028733,367.44,339.01,13.66
ORD-016797,586.38,414.51,42.31
ORD-027373,117.7,117.7,13.75
ORD-076340,940.71,777.94,39.52
ORD-065529,871.62,871.62,49.64
ORD-017728,109.56,109.56,27.44
ORD-068877,998.65,998.65,58.42
ORD-041423,114.62,101.82,42.97
ORD-066509,507.56,507.56,58.07
ORD-071583,137.76,137.76,57.21
ORD-047809,400.94,400.94,34.4
ORD-069855,111.62,111.62,52.73
ORD-070145,268.18,268.18,15.58
ORD-018787,1488.6,1488.6,8.67
ORD-005842,1324.48,1324.48,18.75
ORD-029598,937.0,760.96,15.79
ORD-034224,1260.24,877.52,52.05
ORD-067496,1161.5,1161.5,54.84
ORD-055590,2091.48,2091.48,9.29
ORD-074054,1018.68,1018.68,55.25
ORD-023066,791.5,522.39,22.31
ORD-047386,246.12,246.12,59.72
ORD-072347,140.83,86.95,55.43
ORD-023745,1161.54,1161.54,16.04
ORD-044616,756.72,756.72,38.87
ORD-074613,153.73,153.73,36.87
ORD-072105,573.1,573.1,25.37
ORD-062467,675.95,675.95,18.02
ORD-020771,187.61,187.61,41.84
ORD-074624,461.19,461.19,25.32
ORD-023605,757.8,757.8,38.63
ORD-012823,1191.15,834.83,23.3
ORD-058168,2086.62,2086.62,41.82
ORD-078885,1197.6,1197.6,54.02
ORD-016631,245.24,212.67,49.83
ORD-057000,880.8,880.8,35.5
ORD-064708,699.25,699.25,21.64
ORD-057262,377.13,377.13,11.24
ORD-021885,55.22,36.04,33.45
ORD-075154,291.66,291.66,34.43
ORD-009547,625.8,625.8,19.62
ORD-044386,836.3,836.3,28.5
ORD-041338,1943.1,1943.1,30.36
ORD-005778,257.24,257.24,43.99
ORD-052944,453.68,453.68,55.28
ORD-042266,544.17,544.17,35.02
ORD-001694,540.48,439.24,30.61
ORD-030813,548.84,418.65,16.14
ORD-068943,288.39,182.02,8.08
ORD-062936,173.27,122.66,35.15
ORD-054833,985.2,985.2,45.26
ORD-031498,354.68,354.68,10.66
ORD-060818,410.45,410.45,5.28
ORD-037544,237.6,237.6,43.44
ORD-019563,631.88,631.88,17.55
ORD-009762,939.72,939.72,17.16
ORD-019255,847.64,540.8,9.94
ORD-053686,338.32,338.32,53.15
ORD-040391,330.85,330.85,59.53
ORD-029196,331.95,331.95,45.13
ORD-034825,276.42,251.04,33.11
ORD-073216,207.54,207.54,24.63
ORD-068229,523.47,523.47,30.47
ORD-059323,404.9,274.09,42.98
ORD-016796,278.67,278.67,56.38
ORD-037306,201.94,177.59,27.75
ORD-067706,285.42,215.71,41.48
ORD-005689,970.25,970.25,9.41
ORD-004623,299.19,299.19,40.43
ORD-000577,223.64,223.64,41.81
ORD-025626,623.4,623.4,10.62
ORD-024448,294.69,238.61,10.94
ORD-073984,1191.36,1076.99,55.16
ORD-063707,1104.45,965.83,10.25
ORD-073777,773.04,773.04,25.56
ORD-068926,707.34,707.34,54.99
ORD-054503,1526.46,1526.46,49.49
ORD-017127,394.98,394.98,7.29
ORD-058679,563.58,563.58,39.06
ORD-038968,400.17,400.17,30.04
ORD-039512,319.35,319.35,48.66
ORD-041573,232.32,232.32,50.63
ORD-037984,1415.95,1415.95,26.9
ORD-061342,1402.62,1402.62,10.15
ORD-024274,167.93,167.93,34.68
ORD-014321,184.01,184.01,18.51
ORD-005165,203.42,203.42,38.76
ORD-073843,424.05,424.05,8.45
ORD-061937,259.1,215.33,19.83
ORD-007573,896.4,896.4,28.48
ORD-062702,402.3,402.3,17.82
ORD-022416,175.34,163.39,7.69
ORD-027845,453.0,453.0,40.42
ORD-032358,712.29,456.12,50.45
ORD-016703,422.2,422.2,47.0
ORD-038785,194.94,132.85,32.17
ORD-060460,351.84,351.84,18.47
ORD-045410,391.68,391.68,27.3
ORD-040585,438.06,438.06,55.78
ORD-040751,966.76,966.76,31.24
ORD-018277,889.25,889.25,34.49
ORD-026195,178.14,112.84,29.94
ORD-029470,642.48,579.15,50.43
ORD-011027,985.35,985.35,57.16
ORD-006889,594.4,594.4,20.34
ORD-008747,889.41,889.41,48.13
ORD-049537,208.74,208.74,31.44
ORD-012535,890.04,890.04,46.42
ORD-060584,1145.64,707.23,5.8
ORD-054441,177.77,148.7,12.52
ORD-027682,1130.5,849.86,34.33
ORD-012844,740.58,740.58,33.64
ORD-047592,1079.46,817.33,6.07
ORD-025708,324.06,233.78,29.9
ORD-025597,711.0,711.0,9.81
ORD-043384,940.5,940.5,40.57
ORD-061455,1644.05,1214.1,13.38
ORD-018864,1100.1,1100.1,57.53
ORD-044337,296.37,205.57,43.18
ORD-035259,2530.74,2530.74,40.62
ORD-029062,1188.04,1188.04,39.81
ORD-012340,1057.76,930.75,27.52
ORD-049351,869.46,584.3,8.35
ORD-015849,766.8,638.58,52.03
ORD-011271,244.3,154.46,5.95
ORD-034665,1789.44,1789.44,56.35
ORD-077088,235.51,235.51,7.43
ORD-063258,270.96,270.96,18.51
ORD-078530,470.68,470.68,15.88
ORD-029242,1931.1,1931.1,13.92
ORD-078753,848.25,848.25,5.97
ORD-026459,320.55,320.55,54.17
ORD-051880,1706.36,1706.36,58.54
ORD-079549,1108.32,1108.32,44.87
ORD-030638,215.15,181.95,13.48
ORD-046040,95.47,95.47,42.03
ORD-032705,388.16,355.66,28.5
ORD-047354,1244.5,1244.5,11.7
ORD-065673,263.61,160.42,40.74
ORD-072862,730.98,730.98,59.06
ORD-040662,575.95,575.95,6.99
ORD-007891,593.14,593.14,44.8
ORD-069379,1139.3,1139.3,51.4
ORD-079772,738.5,492.23,17.46
ORD-078803,638.8,638.8,47.17
ORD-068660,438.78,438.78,29.79
ORD-030974,352.2,327.98,58.76
ORD-006129,301.92,301.92,39.41
ORD-002895,1424.35,1424.35,31.24
ORD-033652,1281.48,1197.46,31.32
ORD-072036,175.96,175.96,5.91
ORD-073324,741.33,575.06,44.9
ORD-067281,436.89,409.9,26.22
ORD-045443,889.55,889.55,49.31
ORD-006220,91.39,91.39,7.09
ORD-069667,187.36,187.36,53.42
ORD-031552,252.57,252.57,31.14
ORD-030622,822.75,822.75,50.89
ORD-040884,1127.45,1127.45,10.67
ORD-078121,228.51,228.51,19.5
ORD-074077,724.89,724.89,16.94
ORD-066092,1007.64,1007.64,32.04
ORD-036122,745.16,745.16,29.25
ORD-055061,454.45,301.62,54.47
ORD-062214,1031.82,1031.82,9.95
ORD-073159,647.8,647.8,59.12
ORD-078597,473.07,425.27,25.34
ORD-006669,1264.12,1030.46,51.9
ORD-047345,260.99,178.31,34.42
ORD-028483,510.04,510.04,51.88
ORD-063706,239.8,160.51,49.57
ORD-000666,894.69,894.69,15.48
ORD-062364,2444.88,1563.92,21.74
ORD-014330,553.14,553.14,8.74
ORD-053511,888.2,888.2,40.7
ORD-062838,690.33,690.33,34.72
ORD-015402,916.65,916.65,25.94
ORD-010896,365.95,365.95,17.96
ORD-024323,403.85,403.85,54.44
ORD-014042,1192.2,1192.2,16.08
ORD-075958,690.69,600.92,38.5
ORD-078812,133.68,104.59,52.49
ORD-039777,185.91,185.91,14.62
ORD-010406,1705.56,1136.2,11.3
ORD-073244,185.01,185.01,11.94
ORD-032107,1022.45,849.68,24.86
ORD-039253,483.96,390.64,26.97
ORD-052898,1231.5,1231.5,24.18
ORD-008505,732.44,732.44,15.61
ORD-064943,2168.6,1367.02,46.63
ORD-006217,586.62,586.62,58.84
ORD-074279,353.44,327.91,14.07
ORD-060031,488.52,411.6,36.02
ORD-028686,149.6,149.6,14.15
ORD-072540,577.65,577.65,30.78
ORD-002440,627.66,627.66,26.59
ORD-056098,296.34,268.18,41.8
ORD-067319,704.61,704.61,58.86
ORD-038790,949.15,949.15,41.91
ORD-035637,117.74,117.74,48.86
ORD-001110,1741.12,1592.93,27.57
ORD-026269,304.82,304.82,32.01
ORD-051544,498.2,498.2,23.87
ORD-071577,880.44,717.49,37.75
ORD-023995,1177.26,1177.26,16.82
ORD-060084,252.04,252.04,43.35
ORD-005328,657.63,430.28,35.84
ORD-033447,554.88,363.14,38.87
ORD-055297,514.98,410.94,51.36
ORD-016377,397.85,397.85,34.3
ORD-040025,70.5,70.5,43.22
ORD-045023,863.4,863.4,44.83
ORD-055605,186.73,186.73,20.81
ORD-075694,304.8,195.95,32.9
ORD-058915,537.0,537.0,28.33
ORD-008604,254.41,254.41,29.75
ORD-061639,664.16,615.96,50.68
ORD-047983,1142.76,1142.76,30.89
ORD-049539,228.21,167.26,39.36
ORD-034489,148.98,148.98,45.36
ORD-060706,633.36,540.1,58.59
ORD-079842,298.29,298.29,37.16
ORD-073414,876.2,604.24,41.62
ORD-013471,58.01,58.01,24.55
ORD-022682,283.9,249.34,21.91
ORD-031055,136.54,104.52,34.07
ORD-000867,793.08,532.07,24.01
ORD-068719,751.89,685.92,27.26
ORD-022732,1004.2,824.92,39.32
ORD-064544,212.04,212.04,40.36
ORD-000876,1109.22,1109.22,29.69
ORD-043181,393.2,393.2,26.84
ORD-043768,1486.1,1486.1,15.41
ORD-004035,416.87,416.87,50.28
ORD-034078,166.7,166.7,30.36
ORD-006520,303.6,251.79,59.59
ORD-060287,544.26,544.26,48.27
ORD-064064,506.32,506.32,48.72
ORD-067406,238.72,157.61,17.19
ORD-041214,1146.4,852.26,16.53
ORD-055339,1673.04,1065.24,26.05
ORD-049482,112.91,112.91,9.44
ORD-028095,1640.64,1640.64,16.38
ORD-055273,212.43,162.7,6.12
ORD-029096,1693.38,1693.38,58.15
ORD-048680,713.1,713.1,33.37
ORD-008371,679.35,679.35,49.24
ORD-064724,415.94,415.94,33.7
ORD-041181,332.94,332.94,14.39
ORD-017687,778.92,778.92,33.16
ORD-014150,1096.2,701.72,26.75
ORD-026025,1017.84,642.99,43.66
ORD-054589,220.14,220.14,30.53
ORD-039675,172.49,172.49,44.25
ORD-052012,974.28,693.24,45.3
ORD-042983,523.5,471.41,45.45
ORD-060442,209.76,209.76,28.68
ORD-050112,206.16,206.16,38.18
ORD-026020,944.94,944.94,45.82
ORD-015795,665.91,665.91,28.29
ORD-023789,134.19,86.13,37.56
ORD-066124,252.42,252.42,36.39
ORD-018591,585.72,585.72,55.27
ORD-016902,1732.44,1732.44,21.21
ORD-068298,702.63,702.63,16.66
ORD-079110,950.25,950.25,13.86
ORD-019847,431.56,383.83,52.11
ORD-064428,404.26,404.26,32.53
ORD-011975,1036.05,870.74,31.21
ORD-076273,787.05,695.78,11.2
ORD-074846,653.64,653.64,38.79
ORD-038418,198.8,198.8,11.01
ORD-058570,80.76,58.49,53.0
ORD-064169,912.2,912.2,7.1
ORD-030693,464.8,464.8,22.17
ORD-029236,140.23,140.23,28.97
ORD-052383,452.6,452.6,28.76
ORD-009631,332.92,244.74,29.25
ORD-007297,764.75,554.45,11.5
ORD-036575,1148.2,1148.2,29.91
ORD-047355,1037.36,843.11,11.73
ORD-047570,140.46,140.46,51.25
ORD-004468,1113.42,1113.42,46.84
ORD-048083,1441.48,1441.48,49.97
ORD-056983,249.6,249.6,6.39
ORD-059292,586.2,383.25,59.03
ORD-054168,329.95,329.95,45.07
ORD-070507,164.8,164.8,15.2
ORD-054603,651.4,651.4,43.8
ORD-029088,120.0,120.0,11.71
ORD-060203,968.45,588.89,37.49
ORD-032100,568.14,568.14,43.92
ORD-073049,460.35,284.99,42.1
ORD-015166,833.64,833.64,48.04
ORD-023855,990.48,990.48,21.88
ORD-075343,265.66,186.2,24.66
ORD-046764,344.4,344.4,20.42
ORD-031073,656.64,470.77,46.38
ORD-024125,437.1,347.02,8.41
ORD-078144,1149.6,1014.07,6.82
ORD-036541,500.16,500.16,11.76
ORD-049664,250.38,250.38,49.11
ORD-047544,895.65,568.04,55.05
ORD-009674,1320.64,879.24,59.59
ORD-045051,613.46,552.48,22.04
ORD-019839,60.31,60.31,39.29
ORD-005952,1379.34,1379.34,25.05
ORD-022689,209.2,209.2,56.76
ORD-075831,1104.3,1104.3,36.77
ORD-073442,569.04,569.04,43.53
ORD-002421,472.68,418.95,26.98
ORD-004826,388.1,237.84,12.89
ORD-063799,235.5,206.1,57.37
ORD-079750,1185.3,1185.3,37.73
ORD-063668,125.44,125.44,33.58
ORD-019308,516.25,385.76,40.28
ORD-069803,962.96,962.96,18.63
ORD-056741,1017.95,762.46,55.01
ORD-064729,795.76,795.76,25.18
ORD-048594,71.04,71.04,28.77
ORD-018320,922.53,922.53,56.48
ORD-073598,979.14,795.38,57.41
ORD-041650,358.24,358.24,5.46
ORD-000668,264.81,264.81,40.08
ORD-073883,343.54,252.33,39.56
ORD-076601,2032.68,2032.68,29.33
ORD-003845,429.94,429.94,52.53
ORD-067304,512.52,420.16,11.2
ORD-071874,462.58,462.58,57.16
ORD-003668,590.49,385.92,14.5
ORD-044708,1190.65,953.59,8.71
ORD-067263,2331.78,2331.78,31.83
ORD-017399,420.03,255.14,37.75
ORD-024942,510.08,406.16,30.64
ORD-059220,404.52,404.52,35.45
ORD-012198,258.46,178.37,35.43
ORD-032881,1621.85,1621.85,42.54
ORD-049371,926.43,557.98,48.29
ORD-004481,566.92,566.92,44.21
ORD-056078,132.34,132.34,5.71
ORD-060452,1063.95,923.34,17.85
ORD-047572,929.36,929.36,59.07
ORD-050919,367.08,240.44,5.2
ORD-050078,890.88,890.88,36.95
ORD-034154,502.56,502.56,5.33
ORD-035254,132.55,92.88,11.03
ORD-039120,816.36,515.07,34.14
ORD-002808,2890.0,2163.31,53.07
ORD-024145,516.48,417.22,57.52
ORD-039275,238.1,238.1,50.09
ORD-048095,172.64,172.64,26.98
ORD-043300,1561.85,1561.85,44.36
ORD-056421,342.0,271.08,41.36
ORD-025459,453.48,343.67,57.56
ORD-054682,828.45,674.24,8.86
ORD-061485,561.08,561.08,43.17
ORD-023885,1156.72,1156.72,8.91
ORD-020756,255.03,255.03,18.89
ORD-005851,245.36,245.36,8.6
ORD-075257,452.46,354.8,36.52
ORD-078310,1624.2,1624.2,38.78
ORD-000354,720.28,720.28,44.58
ORD-034173,83.97,83.97,30.17
ORD-058429,1088.04,1088.04,32.32
ORD-048566,720.81,720.81,50.46
ORD-027734,505.98,505.98,31.52
ORD-071565,744.0,744.0,10.49
ORD-040684,798.51,703.61,5.41
ORD-038449,997.08,997.08,34.52
ORD-014974,1018.05,1018.05,23.15
ORD-009833,831.75,713.86,8.44
ORD-046763,737.82,737.82,28.74
ORD-022047,1801.08,1234.76,41.72
ORD-003949,1244.4,1244.4,32.04
ORD-000506,289.92,289.92,33.61
ORD-037201,1032.35,763.25,29.77
ORD-005800,808.6,649.44,5.02
ORD-024278,1155.88,1155.88,47.5
ORD-041761,298.96,298.96,14.42
ORD-050947,581.82,581.82,44.8
ORD-022394,525.78,525.78,5.92
ORD-072578,2025.78,2025.78,34.99
ORD-037134,1139.16,796.64,41.02
ORD-021139,204.2,204.2,32.18
ORD-059678,936.64,780.01,20.86
ORD-008928,1331.9,1331.9,53.78
ORD-061807,749.64,749.64,42.43
ORD-033743,860.4,860.4,23.69
ORD-065394,519.08,407.0,43.21
ORD-007798,501.0,344.15,15.46
ORD-064990,739.04,739.04,42.7
ORD-003769,383.94,383.94,38.53
ORD-027355,1540.05,1540.05,31.1
ORD-072761,804.88,720.3,5.6
ORD-011746,365.2,365.2,14.83
ORD-074040,1568.7,1568.7,50.78
ORD-039309,103.37,103.37,11.81
ORD-052169,1814.82,1555.61,23.38
ORD-044739,248.04,215.97,48.66
ORD-010741,545.4,545.4,26.6
ORD-072731,1062.66,727.47,34.57
ORD-045228,3506.64,2544.91,57.83
ORD-065240,1444.3,1444.3,21.56
ORD-034722,568.47,568.47,15.69
ORD-037225,673.53,601.42,48.08
ORD-076829,1049.65,1049.65,28.2
ORD-027861,478.08,478.08,31.32
ORD-048462,286.55,286.55,18.23
ORD-053083,850.8,850.8,39.0
ORD-043693,636.54,582.31,49.32
ORD-010966,631.52,631.52,5.17
ORD-005277,1534.9,1197.64,57.12
ORD-016492,377.55,328.04,43.83
ORD-045959,108.32,95.16,40.35
ORD-050798,58.83,58.83,51.57
ORD-036671,473.52,473.52,7.27
ORD-031627,605.42,605.42,10.61
ORD-052771,728.45,675.96,7.11
ORD-040901,155.44,155.44,32.47
ORD-063691,639.64,639.64,18.48
ORD-052975,935.61,935.61,55.48
ORD-028260,224.03,224.03,7.09
ORD-047145,1038.12,853.81,31.42
ORD-075313,182.98,182.98,9.87
ORD-034175,667.84,667.84,30.48
ORD-054983,383.84,383.84,28.76
ORD-041684,230.18,213.76,34.07
ORD-077835,472.91,472.91,37.55
ORD-041192,162.4,106.07,33.56
ORD-017862,118.79,98.3,28.38
ORD-010335,1927.38,1927.38,45.83
ORD-077647,425.16,425.16,13.86
ORD-041637,691.12,537.07,6.93
ORD-057782,670.17,538.54,57.06
ORD-040551,139.88,139.88,29.44
ORD-028049,778.92,778.92,22.32
ORD-011059,1387.5,1241.74,10.97
ORD-007545,586.75,401.49,22.52
ORD-026941,652.11,652.11,17.82
ORD-069847,910.83,844.97,56.45
ORD-072533,704.82,704.82,17.66
ORD-032184,423.32,362.89,23.1
ORD-075008,544.08,460.7,8.81
ORD-013492,760.2,760.2,43.37
ORD-021318,289.44,289.44,54.85
ORD-001401,336.52,275.08,26.35
ORD-066238,957.16,606.42,27.37
ORD-038829,298.19,298.19,13.83
ORD-071821,509.76,450.93,5.68
ORD-034152,1176.3,1176.3,55.19
ORD-078815,887.85,604.82,51.51
ORD-019940,1524.42,1524.42,53.93
ORD-074036,437.32,380.54,47.61
ORD-028251,439.71,439.71,35.54
ORD-074340,500.55,344.27,34.35
ORD-010110,173.58,162.3,15.83
ORD-046323,594.18,594.18,7.05
ORD-045453,486.02,440.24,57.72
ORD-025728,873.56,873.56,58.15
ORD-024233,1063.92,932.01,45.99
ORD-026723,533.64,506.08,37.1
ORD-048773,88.7,59.05,8.09
ORD-067335,254.25,254.25,22.55
ORD-066072,277.22,231.58,40.66
ORD-035861,890.25,797.89,31.87
ORD-054149,660.32,660.32,38.15
ORD-074401,203.92,203.92,59.41
ORD-004650,371.08,371.08,15.27
ORD-070509,1149.3,1149.3,14.11
ORD-054916,333.56,312.91,20.51
ORD-056309,332.24,332.24,32.38
ORD-009155,583.05,583.05,33.76
ORD-027808,1089.72,852.67,15.26
ORD-040697,678.6,678.6,12.0
ORD-071774,1191.18,1191.18,24.62
ORD-036294,1421.04,1197.21,36.8
ORD-041381,702.0,562.31,35.44
ORD-047451,1075.06,1075.06,17.51
ORD-043688,678.44,678.44,13.05
ORD-078577,183.13,148.58,54.16
ORD-009258,439.35,389.89,47.96
ORD-061038,264.86,264.86,35.64
ORD-022927,279.32,195.83,34.09
ORD-033394,363.7,363.7,27.04
ORD-017123,1922.48,1922.48,33.04
ORD-069048,253.36,253.36,27.53
ORD-016463,843.06,843.06,30.38
ORD-051487,322.94,229.47,36.42
ORD-038103,618.57,534.44,19.79
ORD-016468,519.93,519.93,6.01
ORD-054699,337.9,337.9,37.65
ORD-076454,958.78,769.1,28.35
ORD-011342,953.46,953.46,11.96
ORD-003333,501.95,501.95,51.79
ORD-014154,719.7,719.7,27.44
ORD-030987,675.96,470.3,43.01
ORD-059056,235.27,210.41,25.68
ORD-022180,1003.6,1003.6,12.15
ORD-068256,425.2,425.2,18.05
ORD-078324,673.68,608.59,46.78
ORD-064030,939.76,939.76,40.82
ORD-048060,222.75,222.75,44.49
ORD-073669,519.72,519.72,48.24
ORD-064160,408.81,408.81,13.53
ORD-036109,457.48,284.7,37.97
ORD-076855,782.16,611.73,19.68
ORD-060360,311.24,229.29,42.83
ORD-059414,1308.9,1308.9,9.56
ORD-046513,1095.84,700.71,46.22
ORD-018608,290.2,196.5,59.13
ORD-060804,2436.3,1895.16,17.38
ORD-077510,507.63,507.63,16.5
ORD-056130,385.4,385.4,20.06
ORD-075678,587.91,474.07,42.15
ORD-007212,896.05,896.05,31.98
ORD-031258,612.65,380.78,49.22
ORD-075592,3196.02,3196.02,39.63
ORD-006178,798.3,485.3,26.43
ORD-070895,300.18,248.81,25.35
ORD-049465,362.64,362.64,44.82
ORD-033775,258.8,180.93,5.35
ORD-056909,551.64,551.64,46.93
ORD-033288,1243.8,1243.8,54.62
ORD-034230,1151.48,1151.48,16.59
ORD-006741,2078.64,2078.64,40.22
ORD-029887,423.8,423.8,54.02
ORD-008474,330.27,299.66,24.91
ORD-035434,296.95,253.76,13.27
ORD-066647,337.66,286.58,35.5
ORD-062265,421.83,421.83,57.88
ORD-037525,356.91,242.52,57.5
ORD-057073,284.5,284.5,38.56
ORD-077391,1173.1,1173.1,43.78
ORD-024539,165.3,127.55,55.93
ORD-067866,931.62,931.62,53.92
ORD-003246,1350.6,1169.57,57.05
ORD-015012,736.98,736.98,20.5
ORD-027266,312.9,312.9,8.69
ORD-022110,898.5,898.5,55.93
ORD-026321,640.08,640.08,47.87
ORD-010951,153.0,153.0,18.38
ORD-040177,964.16,964.16,59.01
ORD-037657,987.48,987.48,19.37
ORD-015315,52.22,52.22,33.06
ORD-032604,87.46,67.05,24.77
ORD-064571,693.3,693.3,22.9
ORD-078628,332.42,210.59,58.89
ORD-000598,283.86,199.84,13.44
ORD-032266,717.64,717.64,34.66
ORD-060920,1289.35,945.48,30.58
ORD-073099,375.88,375.88,10.36
ORD-019876,91.84,62.43,26.63
ORD-064226,479.37,479.37,24.5
ORD-012688,779.72,779.72,6.18
ORD-069963,613.35,458.84,44.22
ORD-022138,429.14,429.14,52.68
ORD-019616,604.8,386.04,13.8
ORD-006916,545.7,545.7,41.0
ORD-017509,1540.75,946.99,50.99
ORD-010620,687.96,687.96,12.68
ORD-059048,136.04,136.04,26.32
ORD-026807,349.32,349.32,41.34
ORD-040115,741.9,665.49,57.04
ORD-003677,67.75,67.75,13.17
ORD-064978,233.88,175.79,45.56
ORD-058957,1240.14,1240.14,29.44
ORD-024653,285.69,191.89,31.09
ORD-048597,801.64,801.64,8.41
ORD-012832,355.75,355.75,21.78
ORD-043134,239.05,239.05,15.74
ORD-049008,1124.96,1044.86,17.01
ORD-037171,729.08,729.08,37.17
ORD-000671,686.2,484.31,50.39
ORD-058306,393.42,393.42,44.72
ORD-010795,407.56,407.56,37.81
ORD-053092,946.36,636.99,40.14
ORD-069572,1626.05,1626.05,38.97
ORD-064079,1084.98,763.79,7.61
ORD-068618,218.09,179.95,46.33
ORD-075540,358.8,358.8,45.08
ORD-031047,217.26,217.26,45.37
ORD-037931,902.1,797.54,39.55
ORD-034248,1520.67,1520.67,48.57
ORD-006234,225.42,188.88,38.66
ORD-005764,383.76,383.76,22.42
ORD-038303,521.43,429.49,8.69
ORD-071372,380.4,348.56,48.12
ORD-013814,722.2,503.91,12.5
ORD-059809,263.74,263.74,11.28
ORD-005923,293.07,277.93,50.62
ORD-004104,458.05,458.05,29.95
ORD-070298,1393.6,1393.6,48.67
ORD-047476,484.02,484.02,24.62
ORD-062104,464.7,464.7,41.04
ORD-038018,1284.85,1284.85,8.68
ORD-068505,203.25,141.3,31.23
ORD-073641,849.36,849.36,38.51
ORD-026842,840.56,840.56,58.4
ORD-045110,465.06,399.64,41.8
ORD-038024,666.4,666.4,28.39
ORD-007409,2796.6,2796.6,51.97
ORD-068405,1233.96,1233.96,9.17
ORD-029907,1071.36,1071.36,59.63
ORD-008052,1878.48,1878.48,46.8
ORD-050796,52.53,52.53,44.84
ORD-057111,446.15,446.15,22.44
ORD-072184,928.26,928.26,21.06
ORD-014240,302.73,302.73,41.64
ORD-036407,668.61,499.1,31.0
ORD-066178,2615.95,2615.95,26.76
ORD-025754,181.84,181.84,36.23
ORD-007194,123.37,123.37,12.54
ORD-051339,597.6,469.5,39.25
ORD-016279,1048.6,1048.6,42.11
ORD-008731,529.9,529.9,13.46
ORD-035542,1493.76,1383.28,17.77
ORD-068816,329.68,233.66,57.11
ORD-035404,801.96,801.96,20.63
ORD-057625,899.95,800.89,22.52
ORD-016076,101.95,101.95,40.24
ORD-049945,161.58,161.58,35.7
ORD-017266,670.2,670.2,37.41
ORD-010021,68.53,49.28,17.56
ORD-019197,1116.52,1116.52,24.3
ORD-013047,1627.5,1627.5,16.59
ORD-012097,806.4,806.4,52.89
ORD-060874,272.84,214.06,12.05
ORD-046685,2145.84,2145.84,55.19
ORD-024032,895.3,895.3,22.41
ORD-057025,591.69,378.72,38.0
ORD-070462,1014.72,1014.72,16.47
ORD-041971,1379.3,1379.3,5.97
ORD-011349,537.9,537.9,31.69
ORD-057925,853.38,853.38,33.17
ORD-073924,883.15,575.23,47.22
ORD-008668,707.22,485.75,51.79
ORD-029051,456.96,342.72,13.49
ORD-077441,1686.12,1149.83,14.64
ORD-037561,1003.7,717.66,11.48
ORD-000886,218.6,218.6,38.6
ORD-038362,617.82,617.82,20.0
ORD-040999,1725.09,1570.65,44.77
ORD-033075,693.25,554.8,11.48
ORD-006106,1814.24,1814.24,14.44
ORD-064148,1260.96,1260.96,5.09
ORD-050219,373.04,373.04,27.06
ORD-022531,1037.76,1037.76,38.34
ORD-007923,1102.26,1018.1,26.0
ORD-045424,157.23,157.23,21.05
ORD-053708,91.79,91.79,41.44
ORD-060913,365.1,365.1,31.64
ORD-066083,1805.7,1178.0,9.35
ORD-016476,191.21,191.21,28.92
ORD-032299,1063.72,1063.72,6.01
ORD-004429,261.96,183.71,33.35
ORD-044317,827.36,827.36,42.68
ORD-061332,224.36,224.36,13.46
ORD-017422,109.22,109.22,6.24
ORD-047150,187.01,187.01,50.1
ORD-005283,667.02,667.02,32.44
ORD-067659,415.84,390.79,17.74
ORD-079130,708.96,493.18,29.04
ORD-006868,167.43,153.91,31.83
ORD-025867,445.92,445.92,34.29
ORD-074641,1446.3,1446.3,25.57
ORD-068777,908.55,557.54,32.28
ORD-035311,557.72,557.72,52.96
ORD-041586,2071.38,1451.38,13.52
ORD-003041,718.24,718.24,13.75
ORD-003465,739.25,675.9,18.33
ORD-023859,640.56,640.56,24.28
ORD-062181,647.73,647.73,37.92
ORD-026375,760.56,760.56,56.46
ORD-043169,988.56,988.56,58.8
ORD-055450,534.9,534.9,29.51
ORD-016597,291.03,291.03,19.09
ORD-066710,644.14,644.14,26.0
ORD-054578,543.07,393.47,31.69
ORD-075935,649.45,649.45,14.92
ORD-073905,1933.26,1342.7,9.63
ORD-051663,525.66,525.66,55.68
ORD-012707,1322.2,1322.2,43.44
ORD-057176,690.12,641.94,11.06
ORD-049624,219.84,139.15,54.28
ORD-042984,373.86,373.86,9.57
ORD-009587,1168.04,1168.04,13.03
ORD-017251,3009.54,3009.54,44.24
ORD-054495,365.61,282.3,56.06
ORD-060885,536.65,536.65,13.62
ORD-036412,50.71,50.71,7.6
ORD-072757,1452.36,1305.94,33.6
ORD-041239,394.8,349.11,15.38
ORD-033382,1498.92,1343.8,58.47
ORD-061363,1565.34,1048.79,52.09
ORD-074096,804.28,719.28,9.4
ORD-007418,2600.64,2600.64,41.58
ORD-076524,889.68,674.68,47.23
ORD-055040,1267.7,1149.93,52.39
ORD-018126,250.85,250.85,23.87
ORD-041685,935.82,935.82,8.95
ORD-053388,311.4,200.29,9.59
ORD-039709,90.37,90.37,36.72
ORD-025750,807.08,681.78,42.45
ORD-049631,2066.8,2066.8,42.91
ORD-042878,319.26,319.26,12.52
ORD-001327,390.51,390.51,31.9
ORD-064537,1548.84,1548.84,52.9
ORD-023450,2754.12,2754.12,40.57
ORD-073902,384.24,231.8,59.3
ORD-057952,153.02,153.02,31.98
ORD-067767,440.76,440.76,54.19
ORD-021870,306.04,306.04,43.69
ORD-026054,1229.9,1070.34,38.82
ORD-044844,317.38,249.07,27.3
ORD-021779,594.36,594.36,11.77
ORD-079105,1254.3,879.71,26.61
ORD-058132,108.44,108.44,49.43
ORD-029056,851.76,851.76,23.03
ORD-015480,852.75,629.41,18.36
ORD-077188,905.8,905.8,14.5
ORD-024767,348.92,285.39,29.32
ORD-056329,1048.5,1048.5,28.05
ORD-036140,811.08,811.08,16.64
ORD-052820,387.16,361.08,27.88
ORD-071260,913.48,913.48,16.68
ORD-074838,143.22,143.22,21.47
ORD-054301,297.73,297.73,8.74
ORD-016750,268.74,228.14,55.86
ORD-014342,602.67,438.38,19.14
ORD-016572,1868.88,1868.88,9.16
ORD-057707,76.38,76.38,13.2
ORD-052966,363.6,363.6,36.5
ORD-048879,170.82,170.82,47.41
ORD-051905,1605.44,1428.28,25.4
ORD-039313,1207.02,833.74,26.02
ORD-049475,542.07,542.07,11.92
ORD-003282,123.58,123.58,20.22
ORD-054515,339.25,339.25,36.51
ORD-049694,1079.4,1079.4,50.62
ORD-057438,886.56,886.56,20.95
ORD-007206,1633.5,1633.5,15.79
ORD-079873,341.75,341.75,39.5
ORD-034532,1334.32,967.9,30.18
ORD-037756,1057.08,1057.08,57.95
ORD-048839,82.66,64.6,32.29
ORD-077571,354.98,354.98,35.4
ORD-029817,1077.06,1077.06,57.61
ORD-072488,70.18,70.18,12.71
ORD-010175,51.22,51.22,54.53
ORD-013759,528.7,528.7,12.52
ORD-070478,392.04,392.04,24.19
ORD-077419,90.82,79.59,11.88
ORD-004370,442.96,442.96,53.73
ORD-031209,471.76,471.76,9.44
ORD-039234,778.68,690.67,17.09
ORD-046215,505.2,475.37,23.81
ORD-035950,599.5,599.5,21.9
ORD-000621,140.76,140.76,18.54
ORD-022192,635.24,454.71,37.84
ORD-052582,122.22,122.22,28.82
ORD-003757,2796.54,1954.94,30.78
ORD-054942,888.72,888.72,23.82
ORD-031373,595.56,595.56,23.91
ORD-041977,990.95,731.73,28.23
ORD-053262,105.64,64.62,55.82
ORD-050367,1235.88,1235.88,10.06
ORD-017774,992.55,992.55,23.18
ORD-014636,1021.98,743.99,7.83
ORD-023746,748.95,748.95,42.88
ORD-018487,796.98,755.36,27.49
ORD-065416,1019.76,1019.76,25.39
ORD-073696,747.54,747.54,39.89
ORD-001808,725.6,725.6,14.25
ORD-071412,774.96,504.29,8.97
ORD-017525,544.62,544.62,10.85
ORD-071480,2006.04,2006.04,32.71
ORD-073977,463.26,463.26,12.77
ORD-067816,947.65,596.76,52.74
ORD-062102,1120.7,1120.7,25.46
ORD-003176,340.2,204.18,11.55
ORD-029641,1100.2,989.26,5.38
ORD-015005,436.16,350.98,28.31
ORD-070247,491.68,491.68,47.26
ORD-035675,948.12,948.12,30.89
ORD-079539,277.24,208.01,27.43
ORD-001001,472.81,338.03,46.6
ORD-072373,257.98,257.98,54.14
ORD-046535,1017.2,1017.2,29.05
ORD-041616,1483.38,1483.38,18.51
ORD-056799,557.76,557.76,44.68
ORD-013029,456.12,285.78,34.55
ORD-015103,1266.06,1266.06,15.07
ORD-049085,2258.52,2258.52,51.49
ORD-061854,1356.69,1356.69,8.83
ORD-043560,549.68,351.21,45.09
ORD-012503,400.16,283.41,40.19
ORD-061554,591.12,382.75,43.77
ORD-014798,673.7,435.75,13.57
ORD-000118,1734.66,1061.84,44.79
ORD-070490,406.16,406.16,53.65
ORD-009541,226.39,226.39,50.12
ORD-060334,1472.05,1159.7,37.95
ORD-034109,418.14,418.14,29.25
ORD-061629,2765.3,2765.3,32.56
ORD-068140,536.49,536.49,30.57
ORD-014113,602.28,602.28,7.58
ORD-028334,459.56,459.56,41.0
ORD-034010,1138.24,1138.24,51.72
ORD-056939,196.7,196.7,46.65
ORD-012744,247.31,247.31,8.34
ORD-033151,176.4,176.4,19.17
ORD-078902,435.33,435.33,30.56
ORD-014081,461.82,461.82,17.46
ORD-073785,746.36,746.36,25.13
ORD-043425,897.15,843.95,40.76
ORD-026374,760.17,760.17,32.76
ORD-066830,1180.62,1180.62,47.6
ORD-062861,329.72,308.65,52.24
ORD-056868,178.81,124.74,30.38
ORD-065765,443.64,342.59,9.05
ORD-031096,585.66,585.66,46.46
ORD-016265,507.87,354.79,10.71
ORD-059882,1285.08,1285.08,54.28
ORD-028179,828.69,828.69,34.84
ORD-076185,198.91,198.91,25.63
ORD-010679,271.81,219.36,49.44
ORD-017174,405.85,405.85,47.57
ORD-037269,1321.3,1246.1,38.25
ORD-013729,200.8,200.8,30.1
ORD-001898,1209.95,1209.95,57.2
ORD-012318,1037.28,1037.28,38.16
ORD-039670,232.64,196.96,21.58
ORD-059570,826.41,826.41,33.37
ORD-043062,2696.8,2696.8,58.18
ORD-039658,1845.96,1676.44,41.25
ORD-054529,210.84,210.84,16.54
ORD-009432,284.21,284.21,6.13
ORD-047828,1175.95,1175.95,8.37
ORD-032928,820.12,524.24,58.55
ORD-047972,78.17,57.29,48.42
ORD-070129,196.05,140.11,40.05
ORD-031814,151.16,151.16,28.39
ORD-064826,592.98,592.98,25.7
ORD-043163,625.71,434.49,7.28
ORD-013450,1137.08,1137.08,34.7
ORD-038928,277.6,277.6,54.02
ORD-065853,265.35,265.35,5.93
ORD-053328,316.19,316.19,38.28
ORD-012077,377.46,377.46,48.16
ORD-009516,239.94,171.44,19.49
ORD-012530,250.58,250.58,38.47
ORD-031076,2799.78,2599.43,59.66
ORD-031902,1373.8,1178.79,35.1
ORD-044839,118.96,118.96,22.99
ORD-026173,331.38,331.38,34.43
ORD-060789,214.94,214.94,49.08
ORD-019189,495.98,495.98,50.3
ORD-044766,672.96,672.96,23.99
ORD-021440,702.6,702.6,39.83
ORD-067247,1563.12,1281.6,45.63
ORD-002800,876.4,876.4,40.82
ORD-006338,1080.1,993.94,10.66
ORD-038587,1688.2,1688.2,12.46
ORD-014719,756.27,690.06,23.42
ORD-004804,702.68,469.2,15.14
ORD-059693,264.41,186.95,47.08
ORD-061369,83.1,71.89,43.85
ORD-060988,273.99,251.94,16.21
ORD-077342,908.4,908.4,40.12
ORD-007262,234.96,158.52,15.85
ORD-031345,608.76,608.76,45.32
ORD-013770,602.82,483.43,17.55
ORD-077165,982.98,665.15,16.36
ORD-014633,486.4,416.81,10.9
ORD-029337,1954.62,1470.67,54.55
ORD-031742,1107.8,1107.8,46.44
ORD-023326,485.13,485.13,18.99
ORD-070401,341.18,341.18,10.59
ORD-042037,744.54,744.54,20.39
ORD-044813,1065.35,1065.35,41.99
ORD-071158,1012.44,1012.44,35.31
ORD-051792,592.44,433.15,38.58
ORD-003756,798.8,798.8,13.19
ORD-010320,244.62,230.53,21.36
ORD-029016,932.44,637.65,55.38
ORD-021341,313.02,237.51,57.8
ORD-004856,806.96,806.96,17.38
ORD-054395,475.24,475.24,30.85
ORD-050282,1208.7,867.18,12.79
ORD-035721,886.77,886.77,57.57
ORD-033643,845.52,845.52,31.67
ORD-027906,1015.1,1015.1,12.46
ORD-076653,994.68,693.28,38.35
ORD-026178,477.24,477.24,28.99
ORD-076432,760.8,491.75,9.12
ORD-005271,2177.16,2177.16,32.68
ORD-033594,1479.42,1479.42,46.61
ORD-048666,665.91,665.91,13.4
ORD-017655,177.48,177.48,48.4
ORD-006877,625.28,569.17,52.95
ORD-026156,756.84,756.84,46.2
ORD-014695,666.45,666.45,35.47
ORD-055452,483.8,409.0,7.67
ORD-020100,1133.55,1133.55,15.5
ORD-057226,323.63,323.63,46.44
ORD-008222,286.46,286.46,50.87
ORD-036359,820.56,820.56,36.87
ORD-048239,289.66,289.66,42.66
ORD-036381,1689.24,1689.24,8.13
ORD-060973,1249.6,1249.6,36.66
ORD-071898,1118.32,1118.32,55.15
ORD-068551,1457.35,1071.92,10.22
ORD-025072,262.12,222.32,58.02
ORD-033280,282.38,282.38,11.88
ORD-010694,261.46,261.46,14.44
ORD-027478,956.56,834.9,5.01
ORD-047651,84.2,84.2,19.5
ORD-021351,653.68,653.68,13.18
ORD-006846,1930.14,1930.14,7.11
ORD-006981,702.4,458.25,13.15
ORD-007326,359.64,359.64,50.68
ORD-035582,343.96,343.96,42.26
ORD-067391,304.11,304.11,18.01
ORD-003203,801.45,574.97,8.28
ORD-057414,1828.1,1101.29,15.34
ORD-045832,556.23,556.23,13.84
ORD-064469,578.96,534.2,46.13
ORD-015455,144.55,91.82,46.98
ORD-060237,519.88,314.78,38.84
ORD-071061,359.78,260.8,57.1
ORD-014871,550.28,384.68,28.88
ORD-001738,1928.15,1395.11,54.14
ORD-054173,1185.0,1185.0,20.09
ORD-060711,1209.0,1209.0,50.93
ORD-012330,482.12,434.11,49.43
ORD-002448,2418.85,2418.85,34.32
ORD-030970,183.54,114.64,44.82
ORD-035082,630.62,422.26,7.14
ORD-052455,495.75,495.75,52.09
ORD-078387,219.44,219.44,55.96
ORD-005085,332.95,332.95,27.16
ORD-061955,446.88,446.88,14.07
ORD-014457,935.8,607.53,14.93
ORD-021754,598.1,369.26,37.64
ORD-059483,610.48,610.48,55.9
ORD-015905,1382.1,919.29,37.96
ORD-043260,1283.22,1283.22,46.61
ORD-055199,327.76,327.76,6.99
ORD-069135,669.84,669.84,28.84
ORD-004708,775.8,775.8,56.76
ORD-001515,1056.76,1056.76,34.91
ORD-074642,576.02,536.16,11.48
ORD-070988,478.8,329.78,41.34
ORD-076577,166.08,166.08,20.57
ORD-064667,359.25,359.25,50.66
ORD-076195,774.81,691.3,6.27
ORD-031450,958.68,958.68,38.63
ORD-074289,241.2,197.46,14.29
ORD-041709,2265.42,2265.42,46.03
ORD-064557,1604.58,994.82,41.59
ORD-031542,428.68,428.68,5.85
ORD-004519,652.96,652.96,11.14
ORD-033799,344.1,344.1,50.45
ORD-040904,239.7,239.7,11.33
ORD-053137,1087.85,1087.85,21.59
ORD-028890,254.92,179.1,29.1
ORD-042109,593.4,593.4,19.39
ORD-035299,165.94,165.94,24.93
ORD-055814,1069.76,700.03,9.68
ORD-005727,446.58,446.58,22.27
ORD-049968,469.84,405.16,21.58
ORD-033381,302.65,266.79,50.91
ORD-026592,285.62,285.62,26.68
ORD-037442,181.12,152.93,25.58
ORD-070032,1645.98,1645.98,18.63
ORD-055871,643.77,643.77,10.47
ORD-016327,1386.87,1386.87,49.89
ORD-057899,1512.84,1426.29,35.96
ORD-046699,1004.04,1004.04,39.12
ORD-019158,250.72,250.72,19.44
ORD-033176,1109.19,1109.19,21.98
ORD-064888,252.64,252.64,59.35
ORD-026872,360.86,231.41,52.34
ORD-042681,177.24,177.24,56.2
ORD-061764,172.85,172.85,51.44
ORD-013317,931.04,931.04,51.97
ORD-075896,919.35,919.35,46.88
ORD-041545,537.6,401.51,53.4
ORD-073220,620.94,620.94,27.44
ORD-009636,1525.44,1525.44,30.26
ORD-028264,1092.1,916.38,54.16
ORD-033552,422.66,422.66,14.83
ORD-028527,1684.08,1684.08,58.69
ORD-012964,1042.84,1042.84,33.1
ORD-006415,889.76,889.76,46.64
ORD-028843,274.98,274.98,24.34
ORD-076420,365.73,344.81,52.29
ORD-001337,281.49,231.23,42.66
ORD-033803,46.99,46.99,44.35
ORD-064761,108.93,108.93,36.89
ORD-003115,284.57,284.57,59.39
ORD-016408,657.42,531.26,58.63
ORD-068582,278.83,204.31,55.24
ORD-060395,669.36,669.36,42.31
ORD-069083,226.16,226.16,31.95
ORD-047090,899.48,899.48,55.18
ORD-021695,2005.26,1424.51,58.48
ORD-046579,407.86,407.86,43.37
ORD-060610,158.69,158.69,8.56
ORD-009802,66.53,57.52,54.02
ORD-021093,3276.54,3016.43,56.07
ORD-020473,195.84,148.13,23.94
ORD-063022,573.72,436.83,55.68
ORD-011286,601.89,601.89,35.49
ORD-009176,641.7,641.7,25.06
ORD-024091,174.78,174.78,39.7
ORD-024231,1190.64,1190.64,31.94
ORD-040295,100.29,100.29,9.48
ORD-069890,109.88,109.88,47.39
ORD-070403,114.43,103.88,55.1
ORD-041481,423.54,423.54,43.59
ORD-006913,346.56,302.54,17.87
ORD-020479,294.65,294.65,24.77
ORD-035287,678.88,414.31,7.6
ORD-039794,918.66,918.66,7.53
ORD-053795,885.9,680.99,42.28
ORD-043191,474.28,300.48,53.54
ORD-042351,636.0,636.0,28.98
ORD-027921,754.5,512.76,22.48
ORD-013028,288.38,288.38,21.4
ORD-052337,1385.65,1191.9,58.71
ORD-017335,582.86,582.86,17.58
ORD-014942,2292.28,1574.09,29.92
ORD-042328,848.76,848.76,14.73
ORD-008306,150.53,150.53,50.72
ORD-066062,698.1,698.1,13.88
ORD-070663,200.57,200.57,29.29
ORD-010199,534.96,404.45,38.22
ORD-079580,1236.36,1236.36,45.7
ORD-071935,424.14,259.79,21.01
ORD-002067,124.97,124.97,32.66
ORD-054748,86.42,58.76,24.45
ORD-009060,502.98,502.98,26.86
ORD-065898,211.05,131.16,26.56
ORD-004050,1331.76,1331.76,19.18
ORD-072792,102.6,102.6,10.4
ORD-052335,185.62,185.62,11.67
ORD-025515,83.88,68.65,39.72
ORD-061208,229.14,229.14,40.94
ORD-031181,804.0,804.0,37.24
ORD-064263,840.69,840.69,19.62
ORD-061647,176.68,119.79,32.58
ORD-068728,79.13,63.96,17.16
ORD-013659,718.05,656.13,25.75
ORD-072345,402.18,331.38,31.11
ORD-070193,154.3,110.21,50.27
ORD-064820,709.7,709.7,23.99
ORD-047486,2938.98,2019.94,9.62
ORD-046054,952.6,952.6,32.59
ORD-034851,1013.92,779.18,24.43
ORD-021236,810.0,527.59,15.7
ORD-056467,914.46,610.99,30.9
ORD-001906,81.48,69.78,13.59
ORD-039118,104.54,104.54,24.64
ORD-036890,374.22,374.22,30.71
ORD-069594,648.48,648.48,31.43
ORD-028507,1525.35,1525.35,37.24
ORD-052782,977.24,977.24,12.36
ORD-042813,959.15,959.15,32.69
ORD-054686,54.18,54.18,24.03
ORD-076008,246.94,246.94,28.61
ORD-008811,564.96,433.32,31.09
ORD-038576,274.92,274.92,22.24
ORD-014276,1332.9,1230.04,6.05
ORD-072816,1392.72,1392.72,27.64
ORD-039855,1040.52,965.6,27.91
ORD-019696,247.02,247.02,55.42
ORD-008992,273.12,273.12,26.31
ORD-077261,288.08,252.83,25.08
ORD-060729,83.33,83.33,7.32
ORD-005261,1533.3,920.34,17.13
ORD-059984,365.58,365.58,41.56
ORD-066885,159.78,159.78,15.91
ORD-067338,767.07,767.07,31.55
ORD-032577,64.17,64.17,30.56
ORD-062198,637.86,637.86,27.93
ORD-008658,1080.68,1080.68,9.23
ORD-068879,104.28,78.51,30.24
ORD-051489,230.48,209.81,14.15
ORD-025771,688.29,688.29,37.28
ORD-010673,230.14,208.14,39.47
ORD-031019,386.52,346.83,8.32
ORD-004962,302.6,302.6,40.83
ORD-062681,1236.9,1236.9,35.77
ORD-062355,238.35,238.35,45.17
ORD-061377,88.27,88.27,56.89
ORD-009080,222.56,164.93,53.04
ORD-075967,311.32,311.32,29.74
ORD-002073,724.83,724.83,8.11
ORD-056054,1316.45,1316.45,32.22
ORD-062605,1766.64,1766.64,45.32
ORD-023617,176.86,176.86,38.41
ORD-064081,297.0,297.0,18.4
ORD-009609,738.45,614.81,37.52
ORD-013120,596.95,596.95,34.18
ORD-049819,295.71,232.09,55.45
ORD-033351,3268.74,3268.74,14.42
ORD-065092,1085.0,1085.0,36.01
ORD-011715,330.96,330.96,54.92
ORD-071948,1045.2,1045.2,45.65
ORD-006088,542.7,378.06,40.41
ORD-012386,471.84,297.64,57.12
ORD-025790,141.84,141.84,25.67
ORD-058999,618.7,618.7,51.48
ORD-004978,176.84,176.84,35.46
ORD-049544,228.27,228.27,16.11
ORD-047976,814.52,649.35,14.88
ORD-000945,637.05,456.21,33.97
ORD-003258,746.13,746.13,35.72
ORD-023991,721.98,721.98,18.57
ORD-059466,506.76,506.76,14.53
ORD-002293,794.0,794.0,47.33
ORD-045845,288.36,217.63,36.32
ORD-060772,225.45,225.45,31.36
ORD-062536,303.62,303.62,10.41
ORD-068090,1361.44,1361.44,31.75
ORD-053615,1026.85,1026.85,10.4
ORD-076826,410.38,410.38,17.23
ORD-030412,296.7,296.7,9.11
ORD-079393,339.54,339.54,5.98
ORD-056678,335.88,335.88,22.34
ORD-050654,1426.38,1426.38,55.45
ORD-068510,133.79,133.79,10.78
ORD-069863,497.94,408.17,42.08
ORD-059231,740.28,740.28,51.26
ORD-032824,259.18,223.82,8.59
ORD-046455,1148.96,1148.96,56.78
ORD-010629,894.81,590.26,47.27
ORD-018015,422.8,422.8,15.13
ORD-061191,957.12,957.12,32.65
ORD-072999,919.08,919.08,15.15
ORD-047601,768.24,768.24,32.45
ORD-070561,213.53,213.53,50.13
ORD-033604,51.1,51.1,34.88
ORD-011112,494.64,378.31,6.01
ORD-070833,472.45,472.45,31.34
ORD-006199,440.79,440.79,17.4
ORD-060307,151.16,151.16,40.35
ORD-066198,913.08,913.08,32.28
ORD-014489,410.88,410.88,57.67
ORD-067244,174.89,118.94,52.04
ORD-012249,364.02,364.02,20.14
ORD-061263,74.0,74.0,34.89
ORD-043579,863.58,688.67,53.9
ORD-022657,143.48,135.56,30.05
ORD-028983,678.18,678.18,21.29
ORD-057764,778.08,489.59,9.23
ORD-023964,1010.46,1010.46,6.54
ORD-036822,2434.9,2284.56,35.19
ORD-058817,906.84,906.84,28.86
ORD-026954,527.46,527.46,27.86
ORD-046901,268.34,214.47,8.12
ORD-069012,396.9,396.9,25.93
ORD-043350,1035.24,784.93,23.5
ORD-056347,241.78,241.78,33.75
ORD-073206,133.65,133.65,46.85
ORD-063605,1017.04,1017.04,35.32
ORD-043805,629.76,629.76,39.73
ORD-029525,401.43,401.43,53.09
ORD-022643,1168.84,1168.84,54.76
ORD-036468,214.26,214.26,10.16
ORD-065895,719.0,719.0,33.83
ORD-046917,561.45,561.45,32.95
ORD-021428,1033.76,1033.76,59.02
ORD-041173,415.2,415.2,42.73
ORD-065069,264.46,264.46,43.82
ORD-036709,320.51,320.51,18.56
ORD-025723,590.84,590.84,26.67
ORD-071399,985.08,615.73,36.57
ORD-073583,497.54,497.54,24.1
ORD-009788,785.9,785.9,33.5
ORD-018250,597.51,597.51,16.03
ORD-024364,159.41,159.41,48.33
ORD-050596,373.18,373.18,36.47
ORD-061084,1436.35,1037.99,8.6
ORD-013255,835.05,835.05,31.67
ORD-075034,2740.1,1975.94,28.46
ORD-005790,761.6,654.96,40.29
ORD-055502,1501.26,1386.97,34.72
ORD-048953,2160.66,1879.67,14.35
ORD-065503,720.95,720.95,22.16
ORD-047712,419.92,371.39,41.33
ORD-029198,873.7,873.7,20.91
ORD-073293,197.19,197.19,9.46
ORD-012477,89.47,89.47,34.34
ORD-012234,196.04,157.56,34.98
ORD-027531,985.2,985.2,36.41
ORD-077889,178.48,178.48,41.0
ORD-001556,1127.95,1127.95,17.49
ORD-009918,449.52,367.19,23.64
ORD-031379,171.06,171.06,50.29
ORD-044269,1386.36,1386.36,5.75
ORD-055805,863.65,863.65,7.33
ORD-030177,284.38,284.38,56.92
ORD-011469,259.72,259.72,52.22
ORD-021129,130.58,130.58,56.65
ORD-032340,94.78,94.78,54.87
ORD-065817,709.17,709.17,56.23
ORD-077807,310.74,239.47,6.0
ORD-033024,1345.0,1139.99,12.25
ORD-044097,1169.48,1169.48,56.96
ORD-020740,277.65,277.65,56.48
ORD-059506,1437.4,1322.74,20.77
ORD-064255,164.84,164.84,5.88
ORD-077444,1535.3,1535.3,25.2
ORD-033978,1009.68,1009.68,50.55
ORD-030027,185.0,185.0,38.37
ORD-001872,446.8,446.8,14.62
ORD-011300,596.38,596.38,48.26
ORD-015189,324.92,324.92,33.9
ORD-051809,1002.7,1002.7,13.05
ORD-029129,796.48,707.33,36.06
ORD-036914,554.4,554.4,37.63
ORD-041018,284.88,284.88,7.88
ORD-059659,405.69,305.6,23.75
ORD-050492,800.58,800.58,27.38
ORD-045947,123.81,78.59,41.0
ORD-036346,179.22,179.22,20.64
ORD-055793,427.32,427.32,22.72
ORD-076803,764.64,499.61,6.8
ORD-030377,1042.25,893.6,54.15
ORD-037016,1367.16,837.61,18.64
ORD-018314,166.32,166.32,45.96
ORD-042692,1347.96,1017.27,15.11
ORD-012283,815.76,815.76,48.82
ORD-074813,674.58,674.58,23.24
ORD-079947,154.36,130.39,54.52
ORD-048621,521.1,521.1,5.45
ORD-041429,1322.15,982.79,41.78
ORD-008674,1261.02,1261.02,36.98
ORD-078372,334.9,334.9,24.82
ORD-009766,377.85,377.85,57.78
ORD-008728,1720.14,1720.14,10.24
ORD-007327,268.08,221.45,32.66
ORD-040869,632.08,632.08,48.54
ORD-074960,77.91,52.12,48.27
ORD-074682,1181.48,1181.48,12.62
ORD-028255,277.16,277.16,9.38
ORD-009500,720.12,520.86,10.41
ORD-073161,109.6,109.6,42.67
ORD-053078,1063.8,847.67,9.63
ORD-054287,158.19,107.0,15.46
ORD-023970,435.9,435.9,35.23
ORD-048041,320.04,213.33,59.91
ORD-029798,2451.72,2451.72,34.66
ORD-003791,181.74,157.4,35.83
ORD-046258,234.44,175.41,44.4
ORD-022948,1288.38,801.46,57.05
ORD-011599,381.25,338.01,48.96
ORD-036351,1069.48,1069.48,21.18
ORD-017043,689.84,689.84,41.38
ORD-032594,412.86,384.3,36.07
ORD-011754,1687.3,1161.67,52.17
ORD-010672,1286.6,1215.79,51.26
ORD-029812,2149.38,2149.38,21.2
ORD-011472,1301.94,978.1,52.05
ORD-021902,895.23,895.23,13.27
ORD-027926,326.4,251.89,23.13
ORD-069702,1488.24,1488.24,58.46
ORD-010898,614.54,614.54,57.72
ORD-020663,139.39,139.39,42.89
ORD-001708,555.42,555.42,35.4
ORD-004966,1274.72,1274.72,29.6
ORD-022666,241.02,241.02,43.4
ORD-047708,584.36,505.01,49.29
ORD-008247,1303.38,1303.38,19.78
ORD-025286,1066.54,719.9,19.4
ORD-048761,1872.36,1872.36,34.69
ORD-074408,667.2,667.2,44.24
ORD-046292,607.83,607.83,46.04
ORD-064890,154.53,154.53,56.89
ORD-032149,304.98,274.33,32.78
ORD-073212,284.24,284.24,14.47
ORD-013554,818.88,675.13,54.9
ORD-055782,501.84,376.85,34.35
ORD-078684,1178.5,912.33,36.46
ORD-034772,785.8,785.8,42.16
ORD-074628,212.48,175.76,37.15
ORD-037110,527.22,527.22,28.59
ORD-011882,439.42,439.42,23.92
ORD-027376,756.9,756.9,26.42
ORD-034229,490.45,440.06,41.34
ORD-060561,795.04,795.04,39.21
ORD-076335,178.64,148.01,12.79
ORD-071522,1902.24,1663.9,34.75
ORD-006692,3230.04,3230.04,24.3
ORD-078859,222.99,151.03,41.25
ORD-040738,187.14,187.14,24.19
ORD-063754,335.22,335.22,40.15
ORD-067214,796.5,796.5,33.88
ORD-069323,734.5,734.5,21.68
ORD-049937,788.88,788.88,54.73
ORD-017827,120.3,120.3,29.73
ORD-012544,604.23,543.32,36.35
ORD-033773,805.72,805.72,27.17
ORD-019901,155.89,120.51,24.3
ORD-059748,1681.62,1025.99,25.69
ORD-034386,1330.2,1330.2,28.63
ORD-054742,727.92,727.92,39.15
ORD-050870,205.04,175.75,37.2
ORD-072721,1189.12,1189.12,42.69
ORD-004132,146.34,101.85,34.98
ORD-024501,1300.02,1300.02,59.72
ORD-070459,1084.02,1084.02,19.76
ORD-032127,1270.56,937.21,43.41
ORD-026622,1107.06,951.4,33.73
ORD-049480,777.0,472.99,26.78
ORD-032158,702.9,702.9,33.76
ORD-048459,1366.32,1366.32,37.39
ORD-019540,184.88,114.92,48.28
ORD-002297,1040.01,1040.01,31.88
ORD-067813,423.72,423.72,45.55
ORD-021654,572.15,572.15,47.28
ORD-018935,866.79,638.2,16.84
ORD-063416,262.94,219.01,14.84
ORD-015298,259.4,239.86,51.29
ORD-003605,208.29,208.29,13.83
ORD-035017,496.2,496.2,15.07
ORD-021645,436.42,282.27,54.47
ORD-047231,597.84,597.84,39.01
ORD-007984,1210.8,1210.8,39.48
ORD-022594,567.84,567.84,35.24
ORD-026329,545.52,545.52,13.48
ORD-068167,1835.82,1835.82,56.62
ORD-001324,749.64,749.64,53.35
ORD-037082,1073.22,1073.22,33.6
ORD-078016,777.45,777.45,39.77
ORD-049281,1205.16,1205.16,46.28
ORD-051267,912.44,912.44,21.5
ORD-030303,716.49,716.49,59.11
ORD-043573,1368.3,1121.25,9.81
ORD-057684,654.3,454.68,8.12
ORD-048290,1396.65,1396.65,11.05
ORD-008723,1020.75,912.22,57.5
ORD-010787,2307.84,2307.84,40.14
ORD-038584,1154.2,1154.2,7.31
ORD-053667,126.23,126.23,13.86
ORD-001134,408.26,408.26,57.03
ORD-047285,1261.96,1130.08,35.6
ORD-078371,580.08,580.08,22.87
ORD-013422,260.23,260.23,6.87
ORD-008471,827.0,827.0,45.68
ORD-048742,84.35,84.35,46.64
ORD-056661,777.0,594.94,38.72
ORD-039226,612.3,612.3,33.89
ORD-065161,464.8,464.8,22.18
ORD-051088,391.14,317.95,7.4
ORD-058728,341.89,313.93,13.06
ORD-028830,325.06,325.06,18.76
ORD-057225,405.0,249.8,28.07
ORD-033413,530.66,357.11,16.46
ORD-025360,207.03,158.84,34.94
ORD-001952,60.33,60.33,27.47
ORD-050303,550.68,550.68,43.0
ORD-025931,652.92,652.92,34.21
ORD-057303,959.0,959.0,8.33
ORD-011774,252.72,215.61,42.98
ORD-031111,251.43,251.43,43.46
ORD-009755,535.08,535.08,32.18
ORD-046626,558.93,558.93,25.11
ORD-046520,66.14,58.63,36.25
ORD-015904,493.72,403.62,14.26
ORD-073102,549.06,549.06,51.07
ORD-047923,379.92,259.4,39.58
ORD-036257,1220.9,1220.9,17.63
ORD-052750,372.15,372.15,50.66
ORD-010949,1664.28,1664.28,30.79
ORD-062829,112.74,72.14,14.16
ORD-069985,1302.44,969.79,42.22
ORD-003230,449.1,449.1,23.73
ORD-040113,425.1,348.85,52.47
ORD-060306,424.08,399.19,42.17
ORD-035702,990.88,913.65,43.48
ORD-020899,794.12,476.91,19.3
ORD-045056,735.04,655.23,36.31
ORD-057134,1173.84,1173.84,35.05
ORD-045739,2724.6,2724.6,20.99
ORD-056382,189.1,178.3,25.63
ORD-068046,933.42,590.72,25.24
ORD-048374,390.06,331.3,56.2
ORD-068947,1789.08,1789.08,50.12
ORD-062769,469.02,469.02,57.51
ORD-053844,222.48,222.48,45.12
ORD-068622,242.36,213.03,7.69
ORD-071544,1667.34,1216.75,39.95
ORD-042760,307.96,307.96,13.26
ORD-057288,108.43,93.97,18.5
ORD-027573,210.27,210.27,50.54
ORD-008689,912.06,653.78,55.16
ORD-075348,707.46,707.46,31.99
ORD-024497,324.56,221.79,30.45
ORD-023031,351.02,351.02,47.95
ORD-022063,1051.8,993.17,57.03
ORD-058618,1399.62,1215.05,30.18
ORD-003934,292.59,292.59,57.39
ORD-050943,381.6,381.6,5.86
ORD-023744,800.2,800.2,49.01
ORD-014055,45.93,45.93,52.17
ORD-041223,958.28,857.23,52.92
ORD-054295,509.64,447.7,50.18
ORD-001113,704.76,704.76,51.13
ORD-065143,518.49,482.08,24.48
ORD-015880,79.35,55.83,19.71
ORD-020584,1151.44,1151.44,25.45
ORD-051659,986.46,986.46,47.62
ORD-010318,850.52,785.84,54.91
ORD-037660,1280.22,994.04,49.97
ORD-079322,247.97,247.97,18.57
ORD-002915,275.5,173.37,31.08
ORD-026258,211.6,158.05,46.16
ORD-023718,307.56,307.56,57.95
ORD-058585,78.34,58.05,17.28
ORD-004443,142.64,142.64,50.68
ORD-023095,134.8,134.8,44.68
ORD-009654,315.16,315.16,47.66
ORD-033614,937.2,937.2,40.24
ORD-042175,935.46,935.46,30.22
ORD-077737,422.24,422.24,41.65
ORD-020582,732.24,732.24,37.09
ORD-050607,182.46,182.46,43.81
ORD-053246,1068.28,1068.28,38.61
ORD-062521,202.44,202.44,58.14
ORD-050944,1593.75,1187.38,31.13
ORD-079744,218.15,141.88,20.3
ORD-055045,321.87,321.87,31.54
ORD-018193,983.16,983.16,54.59
ORD-053965,853.4,853.4,24.15
ORD-005160,482.9,482.9,29.95
ORD-057880,82.45,82.45,42.37
ORD-061003,93.62,65.04,9.76
ORD-046053,256.38,236.49,39.94
ORD-052497,159.33,159.33,35.41
ORD-028505,1019.34,1019.34,41.73
ORD-016203,2204.6,2204.6,40.38
ORD-002908,1552.44,1552.44,31.19
ORD-079899,1045.88,1045.88,54.29
ORD-052007,234.91,162.54,54.1
ORD-058587,167.25,167.25,25.72
ORD-030769,1428.06,1351.91,33.65
ORD-050147,907.08,846.46,55.95
ORD-074086,1533.3,1140.71,18.56
ORD-039179,795.35,795.35,45.72
ORD-063097,298.32,298.32,19.27
ORD-012457,1566.15,1566.15,24.15
ORD-070005,1387.45,1387.45,42.64
ORD-079913,516.46,379.34,28.95
ORD-027881,2718.45,1848.53,54.82
ORD-064932,1200.3,1200.3,38.2
ORD-003984,831.93,620.8,57.67
ORD-063942,452.4,452.4,6.85
ORD-013699,478.3,478.3,21.06
ORD-004928,248.12,248.12,46.45
ORD-042400,1330.08,911.85,43.83
ORD-076856,541.48,541.48,10.53
ORD-010195,184.92,132.09,30.0
ORD-068884,180.87,180.87,29.81
ORD-013445,1212.3,977.0,58.86
ORD-013567,577.32,488.39,22.16
ORD-057801,432.54,432.54,6.68
ORD-019640,416.4,379.84,32.78
ORD-004365,1835.7,1835.7,55.16
ORD-028778,137.06,137.06,19.88
ORD-060559,273.44,249.4,40.84
ORD-006851,83.56,83.56,50.7
ORD-030820,1157.52,1157.52,59.85
ORD-055210,916.26,556.52,57.85
ORD-005276,409.4,250.35,52.08
ORD-071855,77.29,77.29,52.08
ORD-017358,296.32,237.44,58.34
ORD-075944,487.38,487.38,17.85
ORD-018139,359.25,359.25,40.41
ORD-063593,1530.06,1214.74,5.5
ORD-069815,1221.18,945.02,11.74
ORD-022167,194.97,155.39,7.32
ORD-047643,871.0,871.0,46.54
ORD-038781,641.92,641.92,36.07
ORD-034178,39.98,30.46,7.48
ORD-074405,962.2,962.2,23.62
ORD-070332,731.76,731.76,31.94
ORD-020148,1749.6,1749.6,11.36
ORD-007992,611.7,611.7,42.26
ORD-064533,363.35,363.35,20.82
ORD-000543,333.44,333.44,39.91
ORD-045024,663.26,663.26,46.88
ORD-045193,452.0,404.44,14.19
ORD-072056,694.65,426.06,57.85
ORD-010831,949.4,949.4,54.2
ORD-054880,369.81,369.81,43.25
ORD-055305,537.36,445.32,43.49
ORD-046573,1261.74,1261.74,14.19
ORD-032663,714.32,714.32,36.08
ORD-032954,552.56,346.99,45.64
ORD-007815,1123.16,773.5,8.71
ORD-058083,365.2,365.2,15.5
ORD-017414,1364.85,1364.85,13.27
ORD-063188,465.78,338.38,45.61
ORD-021739,369.3,309.06,14.14
ORD-017445,335.58,204.41,28.35
ORD-061977,1330.88,1330.88,42.98
ORD-067172,576.45,576.45,35.85
ORD-016112,302.61,209.34,38.93
ORD-003215,199.16,183.95,15.15
ORD-009438,381.65,338.43,40.55
ORD-019018,887.8,887.8,38.34
ORD-038710,1037.76,625.57,30.4
ORD-047948,159.2,159.2,13.72
ORD-001033,243.22,199.78,24.99
ORD-049164,946.2,946.2,54.0
ORD-026100,189.27,170.64,29.56
ORD-001095,616.35,616.35,38.0
ORD-051331,1134.45,1134.45,30.8
ORD-024482,1473.48,1473.48,6.3
ORD-006719,249.05,249.05,17.53
ORD-020386,397.64,397.64,53.58
ORD-026068,1422.1,876.75,33.47
ORD-060370,654.12,549.1,15.19
ORD-076062,1017.75,898.67,43.98
ORD-022193,150.9,150.9,30.77
ORD-060420,806.32,583.25,55.14
ORD-008757,254.48,254.48,37.54
ORD-030408,103.71,103.71,26.82
ORD-015855,1094.95,767.33,14.22
ORD-056904,675.2,675.2,17.38
ORD-034868,985.2,985.2,26.9
ORD-046735,247.08,186.53,22.51
ORD-011922,468.72,468.72,14.71
ORD-041159,740.36,740.36,29.74
ORD-009697,1198.85,1198.85,6.94
ORD-037115,795.78,795.78,58.81
ORD-010722,243.3,243.3,32.55
ORD-046674,339.88,205.46,24.05
ORD-079974,1397.95,1397.95,57.21
ORD-015387,458.6,412.28,41.31
ORD-063622,623.18,623.18,17.84
ORD-055907,447.85,447.85,28.22
ORD-059023,1005.24,1005.24,19.51
ORD-012444,267.93,267.93,17.05
ORD-066121,278.01,183.41,27.97
ORD-063726,1674.99,1674.99,5.51
ORD-070835,276.68,276.68,51.39
ORD-074213,1841.58,1841.58,21.33
ORD-039562,1201.88,1201.88,29.59
ORD-006712,2098.5,2098.5,22.4
ORD-032224,1737.72,1328.23,53.45
ORD-017288,313.25,260.03,51.41
ORD-033609,2449.68,2449.68,43.13
ORD-009177,1302.48,1302.48,24.47
ORD-056251,2052.54,2052.54,19.2
ORD-057030,711.3,711.3,43.95
ORD-005691,631.04,415.67,42.01
ORD-073491,360.0,360.0,26.14
ORD-047922,426.87,337.01,9.96
ORD-077164,499.68,400.73,10.67
ORD-069344,189.81,189.81,46.88
ORD-051228,1680.06,1680.06,58.04
ORD-039592,741.81,569.79,15.09
ORD-045037,172.66,120.82,42.85
ORD-071116,314.5,224.49,26.34
ORD-002567,675.34,675.34,43.03
ORD-040941,257.12,224.51,53.89
ORD-008130,2160.95,1694.62,6.17
ORD-061270,209.43,209.43,42.59
ORD-036661,887.07,842.49,40.18
ORD-015566,295.84,295.84,22.66
ORD-035999,1484.88,1484.88,12.34
ORD-007181,745.65,745.65,6.78
ORD-069884,330.76,330.76,48.24
ORD-063461,360.3,295.44,31.99
ORD-009960,202.04,202.04,39.31
ORD-023785,1037.73,1037.73,18.06
ORD-006034,857.4,771.11,34.14
ORD-030158,501.72,398.96,48.41
ORD-034788,1183.8,1183.8,54.1
ORD-058068,339.78,276.91,30.76
ORD-068850,292.24,231.88,7.43
ORD-035922,546.25,353.35,43.34
ORD-042187,232.47,232.47,42.1
ORD-078712,2036.04,1376.49,9.03
ORD-056081,721.53,535.13,30.68
ORD-034268,229.98,229.98,44.1
ORD-068364,186.18,144.8,30.05
ORD-057599,255.6,227.01,42.04
ORD-013290,911.96,911.96,22.22
ORD-039257,479.76,479.76,24.72
ORD-017822,789.66,789.66,29.33
ORD-036685,449.2,449.2,55.26
ORD-069497,70.99,66.73,37.21
ORD-026338,130.97,130.97,53.13
ORD-079315,1180.32,1180.32,45.04
ORD-022571,197.52,151.01,44.5
ORD-028849,314.64,314.64,6.94
ORD-040460,286.45,286.45,13.13
ORD-020766,733.72,733.72,36.74
ORD-005681,1359.78,1359.78,47.49
ORD-039372,531.96,467.15,41.64
ORD-020038,620.67,394.23,55.81
ORD-074958,485.7,302.08,39.07
ORD-006036,141.95,111.41,8.23
ORD-050274,1560.84,1560.84,17.99
ORD-059115,459.04,459.04,12.69
ORD-061858,708.88,708.88,20.67
ORD-053745,1233.3,975.51,46.88
ORD-015059,1677.78,1677.78,20.88
ORD-042474,667.3,627.66,30.56
ORD-053198,299.27,268.07,18.08
ORD-001391,1233.42,896.13,10.75
ORD-001562,231.28,231.28,43.81
ORD-042006,276.8,276.8,56.43
ORD-051136,767.96,489.03,21.24
ORD-005078,90.58,80.5,6.99
ORD-013237,198.48,198.48,25.77
ORD-045239,473.97,303.2,43.46
ORD-019173,550.1,550.1,18.4
ORD-038695,874.83,739.82,56.52
ORD-060054,417.3,417.3,29.86
ORD-016968,514.5,514.5,49.05
ORD-047585,661.56,661.56,24.17
ORD-078093,1574.82,1364.59,45.99
ORD-017877,276.54,276.54,6.8
ORD-012966,1208.35,1208.35,26.25
ORD-043041,488.65,347.31,34.39
ORD-007713,283.15,283.15,49.81
ORD-068189,1410.52,1410.52,8.36
ORD-028159,154.76,115.24,45.87
ORD-042353,279.02,279.02,29.85
ORD-073462,692.85,692.85,46.78
ORD-000216,257.9,239.2,46.36
ORD-000159,192.31,132.21,37.82
ORD-058476,1173.4,1173.4,38.36
ORD-023390,1073.88,1073.88,37.24
ORD-005380,861.24,861.24,31.62
ORD-073114,893.22,644.51,30.36
ORD-037884,223.06,142.36,27.68
ORD-000888,1539.66,1120.42,31.3
ORD-029820,588.56,588.56,55.19
ORD-057997,876.66,876.66,25.54
ORD-024514,1793.76,1635.41,51.78
ORD-078738,117.94,100.75,22.43
ORD-076867,480.76,480.76,16.23
ORD-075722,236.92,150.21,40.14
ORD-077797,768.88,768.88,28.81
ORD-040930,1233.8,1233.8,49.73
ORD-041171,504.24,504.24,27.55
ORD-017172,313.76,313.76,48.62
ORD-068589,321.4,321.4,17.31
ORD-060225,273.3,273.3,33.5
ORD-011612,400.44,274.29,6.77
ORD-026142,568.85,568.85,21.46
ORD-014310,119.79,119.79,54.38
ORD-052731,162.05,162.05,28.76
ORD-004573,730.6,730.6,23.39
ORD-002077,204.42,139.08,8.4
ORD-049169,1521.18,1521.18,51.76
ORD-035428,224.41,224.41,39.61
ORD-014814,215.04,165.76,40.18
ORD-067265,595.86,595.86,10.45
ORD-018088,1203.0,1203.0,16.27
ORD-063782,279.54,279.54,12.03
ORD-068525,280.08,280.08,47.34
ORD-031314,1479.45,1479.45,47.06
ORD-047384,156.81,156.81,31.01
ORD-071381,402.56,308.65,20.38
ORD-048145,187.44,187.44,30.13
ORD-066423,249.25,249.25,38.37
ORD-065792,559.38,349.25,52.83
ORD-050172,543.8,543.8,17.98
ORD-048455,62.65,53.47,49.65
ORD-071199,56.0,56.0,49.04
ORD-075459,233.8,233.8,52.7
ORD-039565,158.67,158.67,51.64
ORD-000586,401.92,305.34,42.74
ORD-063226,316.22,316.22,31.94
ORD-028296,858.9,858.9,11.02
ORD-028225,1644.32,1644.32,36.05
ORD-032619,2262.96,2262.96,13.75
ORD-001754,479.04,479.04,59.2
ORD-051431,1764.12,1764.12,38.34
ORD-071253,962.2,962.2,56.34
ORD-078854,430.35,430.35,33.08
ORD-028607,236.85,236.85,31.4
ORD-069882,76.7,49.02,9.99
ORD-037686,364.54,364.54,50.46
ORD-061080,723.9,723.9,48.25
ORD-021640,1038.15,1038.15,53.82
ORD-016768,561.48,561.48,24.35
ORD-004894,283.64,203.16,24.33
ORD-014334,2739.95,2739.95,42.06
ORD-020083,747.78,747.78,52.98
ORD-022623,1144.05,1144.05,37.83
ORD-057890,1201.52,1201.52,56.05
ORD-017380,1279.2,1073.36,42.82
ORD-008843,267.45,168.3,8.36
ORD-026754,1988.94,1825.24,34.67
ORD-057068,275.02,275.02,27.26
ORD-024842,770.34,596.57,6.13
ORD-023639,1083.15,990.0,57.89
ORD-042064,355.48,336.86,9.88
ORD-070065,883.65,883.65,29.85
ORD-019456,493.52,376.61,45.48
ORD-008118,639.2,639.2,15.42
ORD-018762,2411.7,2411.7,13.22
ORD-057354,159.27,159.27,15.54
ORD-053947,171.88,171.88,35.38
ORD-077393,606.1,606.1,59.74
ORD-004982,575.5,575.5,16.87
ORD-021971,848.4,848.4,38.26
ORD-036465,537.9,472.22,27.08
ORD-051575,666.48,666.48,56.77
ORD-026188,71.07,59.45,37.22
ORD-075960,222.24,158.11,50.89
ORD-049170,567.64,359.29,49.13
ORD-075973,365.7,365.7,16.1
ORD-009757,383.48,383.48,17.4
ORD-035195,1251.65,1251.65,48.02
ORD-000156,242.68,242.68,21.09
ORD-001277,301.01,301.01,46.33
ORD-039631,999.36,999.36,16.7
ORD-016319,788.4,680.26,32.86
ORD-064217,297.81,297.81,21.94
ORD-057733,886.35,886.35,40.64
ORD-007170,515.52,515.52,22.96
ORD-049178,1198.7,1198.7,39.15
ORD-002768,385.59,264.18,50.71
ORD-005401,444.36,385.42,34.93
ORD-074327,1583.16,1235.01,36.17
ORD-071343,1279.75,1279.75,41.49
ORD-060750,256.93,162.33,21.21
ORD-046473,209.13,209.13,20.01
ORD-079259,166.3,166.3,48.51
ORD-040418,296.13,209.0,48.27
ORD-013522,1188.1,1052.63,47.48
ORD-051202,569.66,460.39,51.36
ORD-034206,1569.1,1569.1,53.58
ORD-029979,448.32,287.62,46.95
ORD-064043,2672.7,2672.7,51.46
ORD-017134,547.97,547.97,52.87
ORD-047725,1175.44,1175.44,39.69
ORD-045173,760.62,760.62,37.38
ORD-076290,247.8,217.24,32.7
ORD-078048,422.3,422.3,23.82
ORD-058504,815.07,815.07,33.84
ORD-036816,221.55,138.45,32.08
ORD-009131,1255.74,1255.74,25.03
ORD-007108,275.18,239.48,36.66
ORD-012466,506.11,506.11,25.97
ORD-044094,133.32,81.53,57.01
ORD-029909,816.84,557.12,5.21
ORD-040715,515.04,329.96,25.57
ORD-032916,1990.8,1373.83,11.87
ORD-036768,178.28,130.17,26.69
ORD-022748,208.72,176.87,39.69
ORD-014034,258.44,258.44,57.49
ORD-032000,832.75,832.75,48.76
ORD-067387,186.78,186.78,19.25
ORD-037026,2192.1,2192.1,41.91
ORD-051848,596.68,596.68,33.47
ORD-007916,1500.0,1500.0,37.64
ORD-060760,1502.04,1082.66,16.34
ORD-015659,76.47,76.47,34.32
ORD-078220,940.32,940.32,10.29
ORD-003233,1448.04,1448.04,44.78
ORD-074535,820.56,672.03,9.57
ORD-071393,545.64,545.64,43.98
ORD-008033,703.2,703.2,46.17
ORD-042419,1432.26,1432.26,31.48
ORD-063410,237.2,237.2,15.59
ORD-071465,1743.95,1743.95,51.73
ORD-036491,769.26,769.26,16.25
ORD-076392,1003.25,1003.25,47.42
ORD-056304,1282.88,1282.88,57.55
ORD-001888,817.32,817.32,13.56
ORD-019805,237.62,237.62,18.9
ORD-031478,439.12,400.41,7.09
ORD-071899,251.0,251.0,43.17
ORD-022191,652.2,652.2,38.51
ORD-063844,643.56,643.56,23.86
ORD-043622,560.1,466.04,54.32
ORD-013822,275.97,275.97,31.98
ORD-035068,467.92,467.92,58.23
ORD-063901,376.48,338.02,10.23
ORD-031682,532.3,532.3,46.89
ORD-019936,70.46,70.46,12.51
ORD-002002,284.86,198.4,37.05
ORD-072539,1083.06,859.04,56.9
ORD-003122,2530.3,1924.06,53.56
ORD-018647,1888.56,1888.56,37.12
ORD-032525,733.1,733.1,30.58
ORD-032924,458.64,458.64,53.41
ORD-031269,275.03,275.03,21.01
ORD-022503,306.78,306.78,54.85
ORD-031008,428.07,273.67,39.62
ORD-030717,1330.14,1247.23,12.0
ORD-061247,925.76,556.38,31.75
ORD-029481,618.57,618.57,25.86
ORD-046447,1145.2,971.05,22.73
ORD-006673,809.43,609.78,22.81
ORD-075202,1201.36,1201.36,40.66
ORD-055545,819.72,819.72,21.05
ORD-011216,451.2,290.6,32.22
ORD-070711,734.76,557.89,54.16
ORD-058527,604.84,604.84,10.39
ORD-013753,200.45,200.45,49.93
ORD-003152,2092.62,2092.62,53.86
ORD-029645,1143.66,785.63,40.38
ORD-030286,974.04,974.04,33.19
ORD-000106,479.49,479.49,50.18
ORD-073973,855.87,855.87,16.33
ORD-057506,466.05,395.88,58.52
ORD-058419,185.97,131.98,47.67
ORD-062035,671.4,671.4,23.89
ORD-004615,314.82,281.98,23.75
ORD-065899,1243.92,1243.92,41.71
ORD-059594,1206.3,1206.3,27.0
ORD-006613,401.9,338.53,44.14
ORD-078982,934.59,934.59,21.24
ORD-008482,905.04,647.69,57.76
ORD-031430,362.66,362.66,56.0
ORD-073752,350.23,350.23,28.5
ORD-056217,316.08,189.71,37.62
ORD-021225,80.76,80.76,52.16
ORD-058117,345.64,345.64,17.12
ORD-014108,2007.04,2007.04,23.74
ORD-015787,446.24,446.24,8.03
ORD-052618,762.09,640.88,7.76
ORD-011582,257.79,167.81,44.85
ORD-060562,287.7,174.5,26.07
ORD-051292,1802.34,1802.34,32.09
ORD-008076,244.5,244.5,38.08
ORD-045665,235.62,235.62,19.25
ORD-077138,545.22,545.22,59.75
ORD-070784,236.8,236.8,58.5
ORD-036818,1314.42,1314.42,22.15
ORD-040597,202.32,202.32,41.75
ORD-005128,1036.4,900.57,20.58
ORD-044732,260.15,165.29,26.1
ORD-073020,172.91,138.96,28.85
ORD-040349,670.44,531.76,55.27
ORD-034253,298.06,298.06,10.14
ORD-023462,211.34,211.34,47.24
ORD-028997,96.57,96.57,37.25
ORD-030878,1225.5,1225.5,56.94
ORD-000142,488.55,488.55,19.81
ORD-061473,766.28,766.28,54.16
ORD-008257,182.21,182.21,35.71
ORD-026819,544.98,544.98,48.01
ORD-079782,307.7,307.7,52.62
ORD-075106,136.42,104.42,57.41
ORD-013536,683.82,415.95,23.25
ORD-014617,602.36,602.36,54.39
ORD-077591,594.42,594.42,18.07
ORD-020137,368.4,368.4,30.27
ORD-045430,220.09,220.09,22.41
ORD-008991,456.8,456.8,5.19
ORD-038060,1109.36,1109.36,43.63
ORD-048595,898.95,571.31,25.79
ORD-041822,213.08,213.08,57.28
ORD-058824,562.32,562.32,39.49
ORD-012150,175.0,175.0,7.93
ORD-069686,89.19,68.43,54.74
ORD-023016,972.3,972.3,59.62
ORD-067782,452.42,452.42,8.93
ORD-064360,629.2,629.2,43.35
ORD-006598,623.12,623.12,50.0
ORD-049435,346.26,346.26,50.04
ORD-005704,1042.2,1042.2,39.71
ORD-000783,512.1,354.91,57.47
ORD-023470,382.26,382.26,44.2
ORD-071433,306.14,306.14,46.98
ORD-020973,594.32,594.32,36.67
ORD-014724,1104.84,1104.84,11.73
ORD-015656,405.95,405.95,26.09
ORD-079010,308.4,308.4,38.84
ORD-071478,672.18,672.18,13.34
ORD-032286,1405.15,1405.15,17.75
ORD-068490,954.84,579.28,56.97
ORD-062230,178.32,178.32,36.98
ORD-021072,846.72,846.72,44.58
ORD-034167,1158.85,1158.85,48.58
ORD-044507,202.35,202.35,51.62
ORD-074414,1155.3,1155.3,51.0
ORD-044958,187.7,187.7,41.01
ORD-071615,470.04,470.04,17.38
ORD-006678,162.59,126.93,29.54
ORD-061527,944.46,944.46,45.68
ORD-068199,179.88,179.88,54.05
ORD-045305,1005.72,1005.72,17.21
ORD-024908,303.42,303.42,18.81
ORD-072782,327.21,327.21,25.51
ORD-043747,393.02,393.02,52.52
ORD-003815,917.08,917.08,11.59
ORD-040814,608.0,608.0,32.63
ORD-046940,92.47,92.47,54.13
ORD-015783,853.12,853.12,10.57
ORD-068517,472.5,472.5,53.2
ORD-076738,1077.48,1077.48,43.19
ORD-049277,1252.1,1098.26,36.04
ORD-063621,936.75,936.75,30.21
ORD-033025,200.05,128.61,14.87
ORD-065055,251.28,158.84,36.49
ORD-042327,1482.8,1328.4,27.81
ORD-046920,600.48,600.48,52.4
ORD-006010,1466.04,1466.04,29.1
ORD-021912,186.44,186.44,55.45
ORD-050797,1361.64,1361.64,36.16
ORD-056345,617.76,617.76,16.81
ORD-071533,375.36,345.84,21.39
ORD-041544,311.38,311.38,29.5
ORD-045629,409.76,409.76,18.95
ORD-035663,183.92,183.92,55.34
ORD-061477,240.36,228.27,40.65
ORD-041701,673.95,673.95,54.56
ORD-003864,267.9,219.74,42.28
ORD-054987,90.27,90.27,54.32
ORD-011038,206.22,149.15,53.41
ORD-046330,1186.75,1186.75,43.64
ORD-044372,323.31,323.31,16.8
ORD-037788,627.5,421.02,16.95
ORD-063161,343.08,343.08,55.31
ORD-050253,567.32,567.32,8.35
ORD-010834,767.35,767.35,49.85
ORD-022718,355.24,248.17,21.88
ORD-031507,250.01,250.01,24.93
ORD-048977,597.44,597.44,34.04
ORD-060073,2955.06,2955.06,37.76
ORD-071263,838.38,838.38,55.95
ORD-004155,2007.48,1508.94,58.84
ORD-000709,1575.57,1249.58,53.5
ORD-029973,151.55,115.76,11.21
ORD-054703,216.8,216.8,12.17
ORD-077503,2665.8,2665.8,46.63
ORD-024651,1050.75,1050.75,11.22
ORD-042549,2004.54,1801.56,55.37
ORD-036854,510.95,467.56,8.23
ORD-035881,261.65,261.65,23.53
ORD-066895,1324.92,1324.92,39.69
ORD-069840,602.28,602.28,42.77
ORD-022684,790.32,790.32,22.62
ORD-048212,479.68,435.1,28.88
ORD-049181,1026.76,1026.76,41.37
ORD-053357,1004.3,1004.3,54.08
ORD-059402,1123.05,1123.05,29.09
ORD-039626,433.04,294.46,51.44
ORD-046457,308.09,308.09,8.71
ORD-007448,1399.8,1399.8,18.03
ORD-035347,240.72,240.72,45.94
ORD-017088,445.7,445.7,49.41
ORD-044712,249.27,204.08,7.43
ORD-033253,542.39,366.07,37.21
ORD-060398,2219.36,2219.36,59.19
ORD-005773,867.36,867.36,8.92
ORD-053280,171.21,171.21,59.93
ORD-063619,669.35,669.35,35.82
ORD-032320,260.86,260.86,14.63
ORD-038815,694.83,694.83,45.84
ORD-071211,302.46,270.45,33.52
ORD-018325,527.52,527.52,32.75
ORD-043809,395.58,373.15,29.29
ORD-009044,650.64,449.95,37.64
ORD-046607,1628.85,1628.85,20.06
ORD-058936,140.2,140.2,44.25
ORD-066806,295.48,295.48,42.66
ORD-063151,449.48,346.17,58.93
ORD-012295,491.25,491.25,29.98
ORD-048787,1001.7,829.88,45.95
ORD-048175,208.43,174.93,41.07
ORD-004713,339.02,339.02,59.9
ORD-028775,114.12,114.12,31.68
ORD-001544,143.62,143.62,5.09
ORD-037749,227.46,150.43,42.77
ORD-045968,766.32,766.32,38.23
ORD-025735,487.5,326.6,39.05
ORD-063092,717.8,497.78,11.97
ORD-008385,507.93,362.19,57.37
ORD-020467,1097.76,911.19,10.78
ORD-024489,101.98,73.7,26.42
ORD-000930,181.04,181.04,11.25
ORD-060303,543.04,543.04,16.38
ORD-077352,376.52,376.52,30.21
ORD-027646,365.01,365.01,15.17
ORD-053641,149.5,149.5,55.54
ORD-015159,860.36,860.36,38.72
ORD-077094,477.6,477.6,8.1
ORD-076376,558.6,558.6,21.64
ORD-030940,466.83,407.93,38.65
ORD-002331,351.08,351.08,54.97
ORD-066103,1301.25,1038.43,54.0
ORD-036888,234.9,206.19,59.49
ORD-009713,467.88,467.88,25.99
ORD-047704,565.32,565.32,26.96
ORD-029118,1345.75,1345.75,22.21
ORD-000045,342.2,342.2,52.37
ORD-000682,353.8,353.8,25.94
ORD-036923,612.51,551.14,9.59
ORD-079759,432.3,320.73,7.99
ORD-050053,334.78,274.95,8.78
ORD-061055,750.3,750.3,58.74
ORD-008008,161.54,161.54,16.17
ORD-055612,244.98,169.73,47.8
ORD-001341,327.6,296.86,7.51
ORD-014180,56.06,37.27,6.1
ORD-003105,84.55,84.55,44.25
ORD-052882,1297.9,1297.9,51.6
ORD-002068,281.64,265.29,49.08
ORD-037647,547.8,485.58,27.91
ORD-010224,471.06,471.06,12.55
ORD-018998,175.11,175.11,8.84
ORD-005551,339.3,316.65,46.6
ORD-028205,487.11,354.36,48.65
ORD-034716,173.05,146.99,28.97
ORD-063955,873.51,818.02,48.35
ORD-049402,318.99,318.99,23.83
ORD-058103,180.24,120.33,33.26
ORD-014981,154.89,119.21,6.94
ORD-066317,185.72,185.72,20.06
ORD-069932,382.4,382.4,10.58
ORD-025604,841.65,841.65,16.42
ORD-059050,151.11,137.88,48.67
ORD-041218,151.1,151.1,15.64
ORD-057320,825.3,825.3,7.29
ORD-029601,461.94,461.94,34.43
ORD-070806,2005.25,2005.25,56.18
ORD-025547,962.0,962.0,39.93
ORD-033947,493.74,308.07,35.81
ORD-016938,909.45,620.95,57.52
ORD-013817,1502.4,1255.13,7.52
ORD-007530,191.91,132.06,41.83
ORD-072980,826.26,765.0,45.8
ORD-077852,283.95,283.95,10.68
ORD-033841,606.72,398.29,53.55
ORD-057510,1703.4,1342.84,55.54
ORD-034367,287.04,287.04,16.55
ORD-051297,1454.45,1454.45,50.65
ORD-025682,969.21,598.56,57.43
ORD-020155,646.95,433.0,57.6
ORD-035849,747.24,747.24,56.4
ORD-061750,612.64,415.14,37.51
ORD-063813,923.65,923.65,27.94
ORD-074451,962.82,767.74,5.17
ORD-005383,665.4,487.93,53.01
ORD-022345,2832.0,2832.0,16.98
ORD-037098,896.67,896.67,55.88
ORD-030078,429.92,360.59,15.32
ORD-026890,769.04,769.04,37.16
ORD-037113,1010.64,1010.64,18.81
ORD-065456,659.22,549.88,53.64
ORD-061506,529.65,529.65,41.97
ORD-055954,1022.8,1022.8,9.67
ORD-003720,1058.28,1058.28,9.35
ORD-070551,879.54,738.38,30.11
ORD-036620,1370.35,1216.94,40.36
ORD-072331,1388.1,1388.1,55.93
ORD-053366,548.86,548.86,37.91
ORD-022786,777.09,777.09,33.89
ORD-073309,1709.04,1709.04,22.02
ORD-035448,960.32,747.15,22.84
ORD-055372,463.01,463.01,18.71
ORD-060335,795.1,496.09,41.87
ORD-030972,117.17,78.14,7.93
ORD-074759,129.08,129.08,15.01
ORD-062819,1015.94,1015.94,28.89
ORD-018478,322.72,272.61,36.84
ORD-058362,285.54,185.99,37.07
ORD-015248,735.32,735.32,54.95
ORD-011695,397.84,305.2,30.86
ORD-019682,333.32,222.5,12.65
ORD-018817,662.1,662.1,7.79
ORD-044042,479.16,479.16,48.87
ORD-068978,658.8,658.8,51.72
ORD-025263,247.82,247.82,17.54
ORD-060020,134.57,90.29,31.07
ORD-009595,600.68,600.68,36.38
ORD-053642,2319.7,2319.7,45.71
ORD-030219,959.88,959.88,58.53
ORD-011281,524.46,335.22,34.68
ORD-013429,1007.01,1007.01,51.04
ORD-014479,401.9,401.9,50.45
ORD-025642,1350.76,1350.76,25.05
ORD-006026,1683.05,1525.12,57.85
ORD-007169,507.48,507.48,14.05
ORD-066161,530.22,530.22,46.7
ORD-075131,298.89,298.89,56.51
ORD-061877,801.24,801.24,36.92
ORD-066043,1648.5,1648.5,48.26
ORD-042116,120.61,120.61,36.92
ORD-023870,147.81,110.58,38.48
ORD-009873,1736.7,1736.7,55.23
ORD-075680,563.85,563.85,55.76
ORD-022194,371.7,301.0,10.47
ORD-054197,1394.34,1394.34,27.05
ORD-021506,723.64,723.64,44.46
ORD-031370,896.44,896.44,34.16
ORD-077691,685.95,617.44,6.57
ORD-064821,879.69,879.69,33.52
ORD-074708,110.08,84.64,14.16
ORD-032714,348.96,267.21,28.49
ORD-054898,328.65,328.65,5.4
ORD-041786,388.76,269.39,45.37
ORD-072304,665.1,427.36,43.95
ORD-013785,499.76,499.76,33.07
ORD-043124,672.48,672.48,14.65
ORD-026929,1134.44,1134.44,33.38
ORD-070648,962.95,962.95,59.55
ORD-072014,973.05,973.05,36.62
ORD-059766,2169.0,2169.0,27.37
ORD-076281,780.27,780.27,5.61
ORD-045349,1105.08,683.18,39.17
ORD-024099,1019.76,685.9,10.44
ORD-062531,167.08,167.08,15.01
ORD-037772,394.88,360.3,31.63
ORD-025384,437.64,316.62,59.62
ORD-003050,937.86,937.86,16.82
ORD-054493,213.08,179.66,29.17
ORD-049080,185.18,185.18,53.36
ORD-029666,817.98,817.98,16.43
ORD-045492,219.0,219.0,7.06
ORD-039456,1391.5,1187.36,58.41
ORD-037618,617.78,440.41,41.32
ORD-020277,333.48,239.06,54.3
ORD-060468,1146.39,1146.39,26.48
ORD-070606,975.95,893.04,34.36
ORD-062014,656.64,448.65,56.54
ORD-042433,918.8,918.8,26.78
ORD-063517,191.44,191.44,33.82
ORD-032037,680.5,680.5,40.24
ORD-010445,1262.6,1262.6,28.48
ORD-030593,196.72,196.72,27.28
ORD-054181,1635.5,1534.33,58.54
ORD-005738,272.28,165.34,51.56
ORD-024420,389.0,389.0,11.72
ORD-034092,810.15,810.15,33.49
ORD-052574,98.19,71.46,19.13
ORD-012661,733.2,733.2,46.4
ORD-035817,173.71,146.88,8.53
ORD-076458,2033.88,2033.88,36.07
ORD-019450,53.25,41.43,48.97
ORD-075501,841.29,666.07,49.57
ORD-049027,578.91,578.91,40.54
ORD-009224,257.42,257.42,52.18
ORD-044830,61.45,37.04,26.01
ORD-045220,820.92,588.41,8.2
ORD-049486,725.15,530.69,24.7
ORD-047624,1165.96,1165.96,15.59
ORD-053313,1157.6,1157.6,47.71
ORD-063745,1370.95,1252.84,43.89
ORD-064136,482.6,482.6,39.21
ORD-003924,366.65,269.17,58.38
ORD-005601,66.75,42.71,5.9
ORD-026433,991.8,991.8,36.52
ORD-039149,212.25,212.25,58.6
ORD-059752,678.6,678.6,38.98
ORD-029675,789.87,789.87,37.32
ORD-043366,401.48,401.48,36.35
ORD-027164,744.9,744.9,28.18
ORD-057752,661.14,661.14,30.06
ORD-033182,993.45,993.45,57.38
ORD-047053,905.0,853.88,20.01
ORD-036119,1306.8,1306.8,21.76
ORD-016071,556.2,556.2,20.33
ORD-055149,541.35,357.91,41.95
ORD-007346,565.92,565.92,26.35
ORD-031490,303.2,303.2,22.52
ORD-051827,236.44,236.44,42.85
ORD-029844,554.06,554.06,25.67
ORD-075851,171.31,171.31,31.97
ORD-004006,1044.6,1044.6,44.49
ORD-059026,1792.8,1127.09,31.39
ORD-047967,438.7,268.57,31.56
ORD-071720,924.96,924.96,58.14
ORD-024935,663.28,663.28,22.1
ORD-052009,558.43,558.43,13.23
ORD-054516,93.04,93.04,50.61
ORD-039079,317.16,317.16,53.42
ORD-067754,91.91,91.91,34.66
ORD-028256,601.28,601.28,25.01
ORD-005769,341.48,341.48,52.74
ORD-012429,312.88,312.88,35.07
ORD-043107,609.92,609.92,21.77
ORD-033116,1094.16,994.55,6.01
ORD-003053,311.47,311.47,10.6
ORD-039687,493.55,493.55,48.36
ORD-017375,183.12,172.7,39.36
ORD-062863,1554.3,1554.3,8.82
ORD-018022,525.08,525.08,47.78
ORD-035504,222.59,222.59,22.86
ORD-072263,313.78,313.78,32.68
ORD-003145,184.63,184.63,37.45
ORD-077768,422.08,305.52,31.23
ORD-077056,212.01,162.69,41.97
ORD-078424,145.74,145.74,41.64
ORD-067361,177.27,177.27,51.01
ORD-043420,338.67,208.06,40.93
ORD-032322,459.26,363.92,33.51
ORD-025821,120.24,120.24,38.55
ORD-057123,109.06,109.06,56.09
ORD-016863,185.61,185.61,23.22
ORD-022094,514.64,514.64,24.04
ORD-017814,1025.25,800.92,34.56
ORD-036083,328.77,328.77,15.55
ORD-070482,225.11,225.11,46.47
ORD-050420,778.92,778.92,31.3
ORD-040218,187.68,187.68,23.46
ORD-046218,575.34,476.38,56.19
ORD-047370,1208.2,1208.2,16.33
ORD-007338,1384.71,1384.71,30.18
ORD-021635,479.16,479.16,56.14
ORD-012230,863.34,556.73,15.77
ORD-074626,1055.52,1055.52,6.97
ORD-065065,480.15,480.15,52.55
ORD-032422,888.88,737.06,26.22
ORD-043460,2071.86,1245.35,32.01
ORD-077147,934.38,934.38,37.7
ORD-036352,394.94,394.94,15.04
ORD-078658,1055.46,870.81,25.24
ORD-071807,325.52,282.96,15.99
ORD-006578,824.45,824.45,14.46
ORD-013808,1029.0,1029.0,25.68
ORD-021150,176.06,176.06,8.84
ORD-068828,436.98,436.98,47.9
ORD-057541,222.41,208.93,15.18
ORD-058029,244.36,244.36,24.43
ORD-079212,338.64,315.85,30.05
ORD-004681,537.12,537.12,42.14
ORD-069168,1682.1,1682.1,34.72
ORD-046470,360.84,288.31,12.88
ORD-036695,994.48,892.53,7.94
ORD-003975,413.28,413.28,14.53
ORD-012840,764.67,764.67,20.22
ORD-049558,1445.88,1445.88,44.71
ORD-024395,465.88,293.68,50.09
ORD-078143,585.12,585.12,43.13
ORD-079165,669.26,465.49,13.27
ORD-017170,289.5,271.82,26.68
ORD-051583,1340.8,1340.8,22.62
ORD-026421,240.42,240.42,59.93
ORD-003912,482.86,482.86,54.53
ORD-062842,1321.76,1321.76,7.29
ORD-062643,108.26,91.37,34.87
ORD-028917,689.4,654.16,48.31
ORD-001534,106.23,106.23,37.32
ORD-012091,469.08,469.08,10.94
ORD-059059,679.38,610.69,19.28
ORD-064802,1341.3,1341.3,18.26
ORD-071841,445.71,445.71,22.18
ORD-001973,1291.62,1291.62,7.18
ORD-013741,290.36,290.36,14.95
ORD-011031,288.92,288.92,32.4
ORD-026923,70.03,53.58,59.72
ORD-062881,266.96,218.65,31.75
ORD-062202,372.8,372.8,52.69
ORD-053355,1590.6,1305.74,22.35
ORD-020946,58.8,48.96,52.99
ORD-038491,654.72,654.72,20.44
ORD-066480,488.94,488.94,38.36
ORD-022020,423.18,369.54,51.14
ORD-020681,220.53,196.75,55.0
ORD-051072,335.15,297.61,44.62
ORD-028577,681.84,681.84,15.9
ORD-064207,1362.0,1362.0,13.48
ORD-070330,1023.6,763.42,34.02
ORD-020166,243.38,153.97,56.44
ORD-011101,736.84,635.69,26.01
ORD-011260,930.92,930.92,29.78
ORD-005646,387.48,387.48,59.46
ORD-077039,192.67,192.67,45.42
ORD-045594,97.12,97.12,10.8
ORD-010240,150.91,150.91,36.77
ORD-009581,2165.88,2165.88,13.41
ORD-055186,250.95,250.95,44.41
ORD-062534,289.44,289.44,9.14
ORD-063408,794.1,794.1,33.44
ORD-022523,1493.58,1493.58,49.81
ORD-006347,231.28,231.28,23.91
ORD-035718,560.95,527.2,20.03
ORD-056371,314.38,314.38,19.67
ORD-067349,1498.4,1498.4,22.84
ORD-077593,485.7,485.7,42.77
ORD-078968,974.0,847.74,30.58
ORD-050032,1139.8,1139.8,25.94
ORD-029409,590.04,481.05,51.67
ORD-002959,715.26,515.93,12.46
ORD-078585,1893.3,1893.3,41.73
ORD-024136,414.99,271.36,48.39
ORD-043445,522.44,522.44,28.9
ORD-071427,198.85,198.85,59.29
ORD-006858,310.23,310.23,57.63
ORD-035080,303.09,261.46,37.04
ORD-070226,405.15,405.15,55.28
ORD-078973,668.52,668.52,29.53
ORD-038819,319.77,250.74,16.76
ORD-057053,678.68,678.68,29.37
ORD-062231,305.52,305.52,16.65
ORD-042530,1360.8,1360.8,32.81
ORD-053567,1202.95,1202.95,39.0
ORD-001564,670.92,439.3,58.35
ORD-078335,734.76,734.76,36.28
ORD-041182,293.62,293.62,40.23
ORD-014022,1701.0,1701.0,49.15
ORD-022978,498.26,439.47,49.31
ORD-048387,482.91,300.43,27.16
ORD-017120,324.71,324.71,55.91
ORD-002481,136.49,136.49,44.15
ORD-022457,1021.85,1021.85,57.7
ORD-070748,1333.26,1102.84,40.09
ORD-028897,680.7,680.7,44.72
ORD-050523,115.06,115.06,47.08
ORD-002608,926.61,785.67,56.69
ORD-063555,508.82,508.82,35.5
ORD-011987,258.64,189.5,20.4
ORD-072027,813.18,513.63,56.27
ORD-007395,1319.25,844.36,53.12
ORD-005317,887.95,664.62,17.05
ORD-016988,824.16,656.86,15.67
ORD-031164,274.0,209.58,30.18
ORD-062601,280.77,280.77,11.88
ORD-065086,191.64,126.2,56.13
ORD-044909,343.98,272.87,15.98
ORD-005322,385.56,245.74,8.42
ORD-020697,581.86,445.78,14.86
ORD-079139,922.4,922.4,18.04
ORD-049880,248.44,162.1,50.31
ORD-074315,375.46,271.64,45.29
ORD-018833,195.41,144.93,27.37
ORD-071536,132.61,132.61,15.18
ORD-052175,185.2,133.37,11.36
ORD-027187,533.68,533.68,23.14
ORD-017874,321.06,321.06,55.15
ORD-041533,1209.9,1209.9,5.88
ORD-037433,820.5,638.87,40.63
ORD-033581,184.2,184.2,51.09
ORD-040978,648.36,405.17,55.41
ORD-005814,537.09,537.09,58.12
ORD-032435,398.36,291.85,22.47
ORD-063379,544.44,544.44,13.46
ORD-059667,1480.08,1112.92,36.76
ORD-064342,394.41,251.91,50.52
ORD-041509,1359.0,1359.0,8.15
ORD-054657,1688.91,1193.7,45.32
ORD-046777,321.8,321.8,39.33
ORD-003604,891.1,671.92,44.88
ORD-060948,225.6,225.6,48.69
ORD-000618,322.41,210.29,7.97
ORD-041422,770.4,770.4,22.66
ORD-050945,320.07,196.71,58.48
ORD-045404,2292.92,1822.4,15.27
ORD-014088,2992.8,2366.94,24.62
ORD-017357,711.44,711.44,46.99
ORD-021556,223.36,223.36,58.52
ORD-072152,212.54,160.33,29.01
ORD-075246,861.99,643.2,38.66
ORD-032497,1151.4,1151.4,39.56
ORD-059589,770.84,770.84,39.1
ORD-073480,841.64,841.64,41.43
ORD-069189,1293.55,826.4,58.45
ORD-055375,381.9,248.4,25.48
ORD-036392,605.05,363.79,37.8
ORD-038929,207.57,135.23,52.04
ORD-016234,621.56,458.74,10.11
ORD-056533,510.17,370.0,17.31
ORD-007950,57.88,37.39,21.24
ORD-044130,200.82,127.29,37.68
ORD-048274,1225.36,955.07,50.38
ORD-058360,2113.35,1519.81,18.52
ORD-051448,551.25,551.25,31.68
ORD-002109,561.55,416.16,51.04
ORD-057072,1513.86,1080.53,34.66
ORD-043889,332.1,202.01,30.06
ORD-039854,169.44,169.44,24.41
ORD-025436,1011.68,1011.68,55.9
ORD-032567,139.24,94.06,23.66
ORD-029823,388.02,285.3,59.98
ORD-019947,228.0,228.0,17.71
ORD-007128,487.17,487.17,25.52
ORD-011277,735.5,483.36,26.0
ORD-010312,1730.22,1278.67,12.56
ORD-048344,597.72,597.72,36.98
ORD-066708,1440.35,1076.82,21.65
ORD-024850,1350.05,991.29,33.64
ORD-062179,391.4,391.4,25.75
ORD-020313,1080.4,747.26,27.73
ORD-040894,562.88,358.73,35.14
ORD-022208,205.91,157.07,55.12
ORD-043147,238.38,238.38,29.91
ORD-070161,209.16,209.16,50.59
ORD-044947,198.55,156.16,53.48
ORD-048003,288.72,202.18,59.17
ORD-010402,598.12,598.12,24.75
ORD-064124,550.9,393.5,47.19
ORD-054869,1878.3,1878.3,29.63
ORD-031943,659.4,499.28,57.68
ORD-077125,133.35,104.51,8.55
ORD-002526,825.32,543.87,13.79
ORD-062222,955.38,955.38,59.95
ORD-074283,612.04,399.06,19.82
ORD-026285,145.46,105.29,30.32
ORD-012181,444.0,351.85,48.57
ORD-071812,593.04,593.04,12.54
ORD-043780,1614.66,1113.37,25.2
ORD-022575,752.75,593.79,13.72
ORD-076307,169.88,134.72,14.25
ORD-072305,300.34,182.92,33.92
ORD-002568,589.14,394.94,34.45
ORD-073286,671.58,489.37,21.97
ORD-002286,281.44,223.91,36.37
ORD-033554,1059.42,769.88,31.12
ORD-017641,979.2,587.53,59.05
ORD-078341,666.88,511.8,44.46
ORD-002869,135.26,96.7,23.15
ORD-036016,921.15,921.15,7.54
ORD-020351,212.22,212.22,27.27
ORD-077620,1631.94,1502.16,8.41
ORD-025973,497.31,497.31,29.56
ORD-017310,1511.46,1511.46,52.81
ORD-019466,1022.08,927.39,15.85
ORD-071477,639.48,639.48,5.4
ORD-002898,1259.76,1259.76,36.71
ORD-046112,334.28,230.74,48.06
ORD-031628,1399.86,1151.31,21.58
ORD-069008,189.85,189.85,34.69
ORD-028124,1684.45,1684.45,44.75
ORD-027620,1646.3,1646.3,30.32
ORD-071038,654.24,654.24,16.35
ORD-005200,320.34,320.34,8.7
ORD-018211,658.14,410.52,11.5
ORD-007131,465.72,359.65,59.85
ORD-054888,357.15,337.34,56.83
ORD-034033,1015.5,1015.5,11.59
ORD-008472,391.68,342.9,58.84
ORD-025567,986.25,986.25,28.38
ORD-020443,273.16,214.71,16.19
ORD-059767,745.6,745.6,20.3
ORD-031945,1049.08,1049.08,11.48
ORD-061344,1300.77,1300.77,8.47
ORD-070585,617.94,373.19,38.37
ORD-028492,669.65,669.65,21.62
ORD-060079,1215.48,1215.48,35.02
ORD-016473,315.63,315.63,56.01
ORD-046120,710.72,710.72,56.01
ORD-022958,908.0,908.0,27.46
ORD-004198,1158.36,1089.63,47.32
ORD-078616,1382.46,1382.46,42.27
ORD-022451,1586.5,1247.22,57.79
ORD-047795,877.02,877.02,48.93
ORD-061008,1289.28,1289.28,54.29
ORD-065920,454.0,353.27,42.69
ORD-072453,556.41,556.41,30.23
ORD-019623,342.26,253.52,24.87
ORD-070004,607.76,607.76,24.6
ORD-029665,381.36,381.36,17.69
ORD-017786,645.44,645.44,19.86
ORD-046242,490.6,490.6,19.82
ORD-015193,630.84,630.84,59.53
ORD-034035,1004.64,1004.64,30.93
ORD-039122,2658.45,2227.64,45.6
ORD-012374,587.16,470.17,56.88
ORD-053349,782.94,782.94,42.47
ORD-061040,577.12,577.12,12.17
ORD-037848,999.9,999.9,53.04
ORD-065073,233.24,160.64,24.41
ORD-051577,300.19,231.6,26.77
ORD-048704,157.26,157.26,39.33
ORD-012653,1033.15,1033.15,33.31
ORD-059529,562.96,562.96,29.41
ORD-061293,396.0,263.67,58.16
ORD-043080,812.64,812.64,41.17
ORD-034530,551.39,551.39,57.72
ORD-029334,161.6,161.6,20.88
ORD-051664,1594.44,1411.42,22.09
ORD-027888,1218.24,1218.24,9.2
ORD-060059,871.98,741.94,19.71
ORD-030939,705.66,507.41,58.77
ORD-070432,888.72,888.72,40.02
ORD-075134,1078.34,1078.34,53.35
ORD-009635,523.02,496.18,20.03
ORD-021717,104.86,104.86,28.86
ORD-064887,979.68,979.68,33.82
ORD-028271,1259.95,1259.95,12.66
ORD-064592,1052.36,806.53,5.29
ORD-056517,1097.75,1097.75,18.32
ORD-036810,644.16,644.16,27.55
ORD-017773,368.12,368.12,37.71
ORD-070264,106.33,74.66,46.25
ORD-010717,82.77,82.77,10.63
ORD-061929,80.72,66.9,8.3
ORD-050516,228.45,228.45,34.87
ORD-054243,1526.75,1526.75,11.54
ORD-063250,42.56,28.46,33.73
ORD-002491,527.37,380.72,26.51
ORD-056849,845.28,845.28,55.44
ORD-003608,1011.96,1011.96,7.28
ORD-023485,445.0,445.0,18.45
ORD-048917,682.22,682.22,37.13
ORD-027895,578.15,398.73,36.96
ORD-073226,1625.22,1142.36,27.4
ORD-008573,665.46,665.46,24.79
ORD-052763,102.13,102.13,14.43
ORD-053497,1310.34,1310.34,14.83
ORD-063740,861.45,861.45,49.87
ORD-059084,375.95,266.85,34.66
ORD-048932,943.48,943.48,59.71
ORD-058165,1231.72,1104.15,29.52
ORD-032430,1466.3,1383.77,16.31
ORD-058088,1610.6,1610.6,58.2
ORD-046164,1033.95,1033.95,58.17
ORD-046753,493.84,493.84,38.49
ORD-045416,1117.1,1117.1,54.0
ORD-057495,158.26,158.26,17.32
ORD-051219,2135.4,1917.61,5.65
ORD-027661,351.06,351.06,41.49
ORD-036277,411.03,411.03,51.7
ORD-078051,1125.14,1125.14,33.01
ORD-059000,1119.6,1119.6,9.92
ORD-057222,510.45,510.45,29.2
ORD-069908,1443.85,1443.85,55.35
ORD-073111,389.56,389.56,18.74
ORD-009097,1085.64,1085.64,32.72
ORD-031202,124.86,124.86,17.7
ORD-043416,177.58,177.58,19.79
ORD-068519,666.84,666.84,30.33
ORD-065827,1466.58,1466.58,57.88
ORD-028016,1836.9,1836.9,50.17
ORD-066101,617.4,617.4,27.21
ORD-019147,633.98,633.98,46.32
ORD-046912,346.14,346.14,10.39
ORD-000697,113.27,113.27,27.6
ORD-030248,1285.56,1285.56,26.75
ORD-012553,514.35,514.35,37.44
ORD-033948,2864.85,2864.85,23.83
ORD-002434,415.05,251.86,12.59
ORD-016208,337.7,337.7,5.55
ORD-014148,126.81,126.81,36.9
ORD-035724,1592.4,1592.4,18.59
ORD-023973,2258.28,2258.28,28.97
ORD-004042,1214.28,785.38,41.61
ORD-070062,214.17,214.17,10.28
ORD-056245,748.7,748.7,24.92
ORD-032621,587.56,587.56,12.78
ORD-042665,1022.15,1022.15,26.43
ORD-078949,465.7,363.28,27.04
ORD-034384,1212.15,1212.15,33.53
ORD-061338,1009.64,1009.64,32.79
ORD-066369,942.48,942.48,46.05
ORD-065546,402.54,402.54,50.79
ORD-070200,1009.75,1009.75,57.33
ORD-072541,79.73,79.73,51.34
ORD-034555,798.72,590.95,31.99
ORD-040863,542.48,542.48,42.6
ORD-009106,1427.6,1427.6,46.03
ORD-077757,894.05,735.99,58.17
ORD-029157,202.51,125.25,43.31
ORD-039030,2056.24,2056.24,24.66
ORD-067988,487.56,380.3,56.03
ORD-034824,976.84,976.84,21.51
ORD-021405,260.28,215.23,9.58
ORD-057645,560.08,454.31,12.17
ORD-077552,787.47,703.89,57.82
ORD-011826,624.06,624.06,13.35
ORD-048557,253.14,208.15,14.57
ORD-021364,336.24,302.31,9.08
ORD-010622,301.26,214.31,18.46
ORD-009482,1262.58,1262.58,31.86
ORD-006720,378.88,378.88,31.15
ORD-028736,294.88,294.88,47.45
ORD-064640,999.68,999.68,59.76
ORD-020521,2081.94,2081.94,9.15
ORD-041963,160.78,113.19,52.24
ORD-069030,2700.72,2700.72,40.52
ORD-012288,825.0,529.99,21.1
ORD-049561,484.26,484.26,20.5
ORD-003160,1429.25,1429.25,27.18
ORD-049436,311.97,196.94,7.53
ORD-012954,2351.44,2351.44,27.63
ORD-016281,1103.0,1103.0,18.83
ORD-037523,813.96,813.96,46.58
ORD-077625,462.28,383.4,14.98
ORD-055132,480.68,480.68,5.85
ORD-055787,970.6,970.6,28.38
ORD-013289,1616.84,1616.84,30.92
ORD-048278,739.62,645.41,27.88
ORD-026314,153.09,153.09,25.55
ORD-017863,361.41,361.41,49.68
ORD-035785,916.84,916.84,24.22
ORD-021745,315.44,315.44,58.03
ORD-012285,160.84,160.84,34.63
ORD-051747,1729.8,1729.8,33.76
ORD-066726,667.04,430.48,14.74
ORD-072138,1260.85,1140.94,20.59
ORD-013254,429.19,429.19,6.0
ORD-017752,300.68,300.68,59.23
ORD-068651,1379.15,969.9,21.11
ORD-029052,862.44,811.26,27.02
ORD-044645,217.65,217.65,56.59
ORD-070896,188.38,155.47,51.18
ORD-027023,719.15,719.15,5.51
ORD-059647,782.76,782.76,40.35
ORD-053850,1097.05,1097.05,9.59
ORD-071428,1475.2,1001.67,20.8
ORD-044747,680.75,680.75,35.69
ORD-042180,851.88,851.88,20.55
ORD-038588,670.08,554.22,32.45
ORD-023320,2760.1,2760.1,38.78
ORD-005482,134.64,120.38,35.11
ORD-045981,2450.4,2450.4,19.97
ORD-050266,1981.62,1981.62,29.35
ORD-024554,203.62,203.62,5.91
ORD-009843,1371.3,938.94,16.64
ORD-045247,871.83,871.83,13.05
ORD-004061,307.2,307.2,43.66
ORD-064780,618.34,618.34,28.84
ORD-030654,588.66,588.66,26.29
ORD-027809,873.45,873.45,44.79
ORD-072188,228.6,228.6,11.78
ORD-079746,1326.36,1326.36,28.32
ORD-047661,665.97,568.27,13.16
ORD-062071,88.37,88.37,14.53
ORD-061843,42.39,42.39,10.19
ORD-038254,763.64,763.64,7.91
ORD-071725,1309.98,1309.98,42.09
ORD-002533,175.46,156.59,23.16
ORD-061998,2684.88,1636.8,27.82
ORD-065430,378.55,378.55,22.26
ORD-033245,722.7,722.7,56.32
ORD-012156,332.25,273.83,53.2
ORD-026469,765.06,765.06,19.67
ORD-002566,915.12,609.94,19.61
ORD-018753,831.7,531.3,5.72
ORD-012677,143.53,96.99,15.87
ORD-002666,402.1,402.1,7.36
ORD-039028,1411.1,1411.1,35.77
ORD-034813,1274.36,1274.36,23.48
ORD-005701,446.54,278.29,57.39
ORD-036068,201.52,139.35,26.18
ORD-021370,608.16,608.16,15.91
ORD-040996,514.02,514.02,37.01
ORD-050193,622.56,622.56,35.92
ORD-051000,206.92,206.92,19.51
ORD-062125,410.04,410.04,17.47
ORD-013585,317.3,263.64,40.89
ORD-013328,353.68,229.91,57.29
ORD-039784,828.75,749.46,22.64
ORD-004296,434.52,293.54,25.65
ORD-061335,952.15,952.15,59.56
ORD-009267,461.62,461.62,6.82
ORD-046871,1146.5,1146.5,56.55
ORD-076508,555.08,555.08,56.28
ORD-010549,236.02,148.07,5.32
ORD-021285,724.2,724.2,51.02
ORD-029886,235.91,220.81,42.54
ORD-011925,429.8,429.8,56.06
ORD-023570,1259.5,1259.5,48.22
ORD-074084,778.62,778.62,19.62
ORD-011441,1744.65,1498.78,12.29
ORD-057020,197.7,197.7,50.08
ORD-029698,1356.1,1356.1,52.05
ORD-028196,357.56,329.64,24.13
ORD-027448,382.16,382.16,47.29
ORD-040361,1141.02,1141.02,46.3
ORD-022025,452.24,378.38,47.19
ORD-039823,204.02,204.02,28.18
ORD-044043,1119.92,924.97,33.8
ORD-017991,161.33,161.33,8.56
ORD-072013,467.86,467.86,17.27
ORD-004397,626.91,626.91,21.43
ORD-073465,568.34,389.46,22.97
ORD-068682,1167.1,1167.1,28.35
ORD-079460,276.08,204.39,13.59
ORD-059974,963.68,963.68,29.67
ORD-045684,458.48,458.48,43.31
ORD-010573,185.82,113.06,19.17
ORD-050787,788.37,788.37,36.75
ORD-038426,605.01,605.01,56.58
ORD-046948,289.75,289.75,38.49
ORD-063948,474.3,380.63,54.65
ORD-056409,382.38,382.38,53.39
ORD-051565,886.3,886.3,11.11
ORD-063330,397.22,276.17,29.62
ORD-016687,1690.8,1690.8,22.89
ORD-022142,227.96,227.96,27.87
ORD-071743,1537.26,1412.76,32.9
ORD-045159,937.04,937.04,25.15
ORD-067999,578.24,578.24,22.27
ORD-036992,257.4,196.96,44.53
ORD-067540,381.4,381.4,42.6
ORD-016868,742.76,742.76,41.87
ORD-061876,382.82,382.82,47.86
ORD-076746,693.75,693.75,7.67
ORD-062839,362.36,258.86,21.18
ORD-074392,911.72,716.19,31.97
ORD-020843,568.52,568.52,58.55
ORD-010686,528.54,528.54,34.9
ORD-031721,1539.96,1539.96,16.16
ORD-046530,1190.95,1190.95,37.8
ORD-064163,1505.7,1392.83,47.37
ORD-058803,317.54,256.48,22.81
ORD-002641,415.45,415.45,26.9
ORD-008174,640.4,640.4,20.28
ORD-078407,740.0,740.0,48.51
ORD-066519,827.44,827.44,33.28
ORD-004684,556.04,517.33,55.99
ORD-015165,834.24,834.24,23.85
ORD-047636,188.93,188.93,31.06
ORD-061122,267.4,267.4,17.3
ORD-072591,1339.0,1213.43,31.71
ORD-023846,672.0,672.0,19.26
ORD-012769,626.92,626.92,43.68
ORD-066485,626.92,421.34,46.03
ORD-012455,955.6,955.6,26.25
ORD-072281,634.15,449.9,11.71
ORD-036175,310.2,310.2,11.36
ORD-040832,224.04,183.52,51.88
ORD-002230,339.1,339.1,18.14
ORD-065676,990.84,826.3,36.17
ORD-047347,103.0,103.0,47.92
ORD-029587,522.36,522.36,37.86
ORD-015542,711.6,711.6,47.36
ORD-036998,1624.65,1505.15,16.29
ORD-027898,245.73,245.73,7.47
ORD-037547,401.3,401.3,39.75
ORD-043255,224.82,224.82,36.7
ORD-017094,363.32,273.78,7.74
ORD-006128,291.12,291.12,13.32
ORD-004875,936.68,936.68,55.38
ORD-040050,637.76,637.76,59.14
ORD-050419,381.8,381.8,49.79
ORD-028752,809.65,809.65,46.16
ORD-036097,1146.36,1146.36,22.1
ORD-071696,985.2,718.1,20.48
ORD-076155,467.4,435.87,38.76
ORD-066882,567.1,567.1,44.75
ORD-000742,1102.04,1102.04,12.23
ORD-027615,1949.6,1949.6,56.62
ORD-063091,555.99,555.99,35.16
ORD-020818,827.76,827.76,49.69
ORD-018262,790.45,790.45,32.48
ORD-047411,1393.45,1192.49,28.2
ORD-059344,2913.48,2913.48,58.47
ORD-043590,140.86,140.86,31.93
ORD-042694,1653.44,1653.44,30.73
ORD-055518,432.55,374.92,14.64
ORD-003163,277.2,277.2,52.64
ORD-041371,392.44,392.44,44.19
ORD-018895,859.02,859.02,41.27
ORD-013102,745.8,745.8,29.6
ORD-022405,1566.25,1346.57,30.58
ORD-010777,399.36,399.36,8.23
ORD-015661,139.5,139.5,24.09
ORD-036931,1125.48,1125.48,40.57
ORD-068770,385.84,385.84,48.44
ORD-043535,586.72,586.72,47.92
ORD-007744,1006.82,692.58,12.56
ORD-059940,868.85,523.53,13.48
ORD-068963,990.84,669.25,40.66
ORD-072778,93.46,69.71,39.69
ORD-028904,1446.9,1357.39,42.21
ORD-077851,1497.0,1497.0,27.25
ORD-047260,800.8,694.8,33.44
ORD-003549,933.9,933.9,43.24
ORD-051717,493.6,493.6,44.77
ORD-002726,507.2,507.2,57.4
ORD-007749,858.0,858.0,37.62
ORD-060284,619.05,381.58,22.64
ORD-058724,1024.02,1024.02,52.75
ORD-053395,595.92,393.35,6.98
ORD-028674,1238.55,913.67,21.82
ORD-078403,214.56,172.1,11.55
ORD-033048,308.22,308.22,35.43
ORD-059278,171.34,171.34,46.06
ORD-007224,822.6,822.6,42.52
ORD-053439,643.17,643.17,24.69
ORD-067487,1448.45,1448.45,27.67
ORD-033714,980.7,859.25,22.62
ORD-023552,669.35,669.35,33.55
ORD-070595,1190.65,1118.96,57.98
ORD-066890,1142.34,1142.34,38.2
ORD-058164,111.99,70.51,45.21
ORD-016501,647.2,647.2,21.72
ORD-060918,509.67,412.92,27.99
ORD-002910,873.72,873.72,49.57
ORD-031752,2342.68,1574.58,14.53
ORD-053260,174.86,174.86,21.72
ORD-070540,136.03,136.03,6.46
ORD-050760,469.95,469.95,30.62
ORD-010876,240.96,220.17,32.55
ORD-025829,399.5,399.5,28.97
ORD-047877,1797.32,1797.32,13.46
ORD-020878,273.45,273.45,33.12
ORD-031601,508.59,508.59,46.44
ORD-040181,223.53,196.29,18.75
ORD-050863,1026.3,1026.3,45.19
ORD-032880,1447.02,1447.02,52.88
ORD-006986,451.32,451.32,22.96
ORD-056193,331.26,312.33,55.4
ORD-072224,642.9,642.9,39.32
ORD-022071,786.6,786.6,46.2
ORD-079930,469.06,469.06,48.39
ORD-014390,946.24,865.73,5.26
ORD-007851,304.34,304.34,25.43
ORD-065290,675.8,641.88,45.67
ORD-078744,722.56,515.28,13.86
ORD-055106,550.62,550.62,14.16
ORD-002909,973.17,973.17,24.45
ORD-014270,300.3,300.3,21.67
ORD-006866,823.8,587.83,42.37
ORD-043541,968.25,609.41,27.78
ORD-022510,371.4,268.27,36.33
ORD-052903,969.96,969.96,28.37
ORD-027163,206.73,206.73,17.43
ORD-076609,1335.84,1335.84,5.92
ORD-048430,710.73,710.73,26.46
ORD-021239,212.44,212.44,11.46
ORD-054343,1012.68,1012.68,44.42
ORD-042742,570.1,570.1,56.93
ORD-040854,163.4,163.4,22.82
ORD-013311,69.21,69.21,55.61
ORD-041375,2055.56,1584.38,13.88
ORD-008209,1054.14,1054.14,40.72
ORD-048548,775.92,775.92,27.7
ORD-033907,1552.08,1552.08,42.43
ORD-059151,206.95,206.95,44.44
ORD-025350,325.64,234.23,13.65
ORD-056823,1126.8,1126.8,53.99
ORD-058439,1184.08,1184.08,45.69
ORD-001731,252.3,214.61,11.43
ORD-017946,2082.48,2082.48,16.09
ORD-077491,2807.45,2182.39,38.75
ORD-071687,1387.84,1387.84,57.29
ORD-012730,488.35,488.35,56.26
ORD-003561,465.05,331.12,9.75
ORD-076371,194.92,194.92,37.06
ORD-070453,605.7,414.17,29.78
ORD-074120,1093.25,880.19,50.99
ORD-056839,700.62,700.62,50.52
ORD-036133,545.0,545.0,27.33
ORD-069484,1652.88,1652.88,56.69
ORD-064609,1912.56,1912.56,25.12
ORD-064937,559.04,559.04,18.96
ORD-066245,512.4,512.4,13.56
ORD-074665,1993.56,1993.56,14.61
ORD-046489,604.16,604.16,45.38
ORD-044731,909.3,726.04,23.9
ORD-041641,585.44,585.44,5.78
ORD-015552,292.94,292.94,15.54
ORD-002377,77.22,77.22,15.38
ORD-037080,689.91,689.91,39.7
ORD-042333,456.78,456.78,7.67
ORD-060895,2313.9,2313.9,26.48
ORD-032016,1051.75,786.05,43.61
ORD-040286,404.61,376.93,33.95
ORD-062009,290.94,290.94,30.9
ORD-040314,878.72,818.15,17.17
ORD-043943,1181.94,1181.94,56.39
ORD-034423,554.43,359.85,12.57
ORD-023977,828.72,828.72,43.49
ORD-056653,678.63,678.63,58.44
ORD-070845,1196.1,1078.72,7.59
ORD-027395,1041.66,1041.66,12.15
ORD-004221,209.07,209.07,41.09
ORD-056178,173.91,120.07,32.52
ORD-071766,564.24,564.24,18.13
ORD-079767,206.68,206.68,7.32
ORD-004904,107.31,107.31,23.55
ORD-018326,142.89,142.89,53.76
ORD-022171,377.05,330.09,30.06
ORD-075798,578.79,578.79,11.67
ORD-071442,1214.95,1214.95,30.18
ORD-045916,142.63,129.73,58.62
ORD-056842,1559.0,1316.16,54.45
ORD-053635,611.97,611.97,47.88
ORD-027908,622.92,622.92,23.56
ORD-073208,246.2,246.2,37.64
ORD-005422,1861.4,1249.34,48.66
ORD-068087,261.21,261.21,56.29
ORD-033657,199.95,199.95,35.12
ORD-028666,458.24,458.24,7.48
ORD-018142,114.77,114.77,23.67
ORD-039319,1654.08,1654.08,24.47
ORD-012030,542.4,426.49,37.61
ORD-012450,1517.6,1310.29,37.76
ORD-038186,262.08,262.08,44.74
ORD-023757,248.75,184.44,12.74
ORD-059060,1271.84,1271.84,52.34
ORD-048398,296.5,296.5,9.13
ORD-013386,1534.74,1534.74,34.98
ORD-019370,1418.46,1029.21,43.39
ORD-073744,1676.88,1494.29,49.29
ORD-074579,953.1,953.1,49.53
ORD-011156,406.56,294.13,43.57
ORD-004829,171.84,131.53,19.92
ORD-010269,157.1,157.1,58.93
ORD-050894,542.7,542.7,45.64
ORD-042569,206.56,206.56,5.89
ORD-054215,1021.92,825.94,22.6
ORD-011963,106.78,71.69,23.19
ORD-049437,63.17,63.17,55.13
ORD-045017,523.92,523.92,16.65
ORD-055854,455.7,455.7,21.7
ORD-051330,1371.78,1371.78,44.76
ORD-077781,1017.21,769.14,49.26
ORD-000085,1871.7,1587.09,20.37
ORD-012888,993.92,993.92,30.04
ORD-054401,1078.64,1078.64,15.78
ORD-042233,484.66,484.66,21.47
ORD-035138,1100.85,1100.85,54.27
ORD-077027,230.51,230.51,37.18
ORD-079374,1010.64,704.17,44.73
ORD-036636,390.06,390.06,50.84
ORD-037358,338.61,338.61,35.6
ORD-044036,292.44,292.44,41.67
ORD-046093,704.28,571.44,24.9
ORD-031603,170.86,125.16,6.78
ORD-074880,1123.55,826.03,23.68
ORD-075364,864.04,782.78,33.74
ORD-025479,447.52,272.19,30.81
ORD-017766,265.49,265.49,54.78
ORD-032506,3406.44,3406.44,57.98
ORD-020747,561.98,561.98,42.51
ORD-068558,1034.1,1034.1,34.3
ORD-052518,230.24,230.24,15.62
ORD-023905,691.7,691.7,42.46
ORD-027991,284.65,284.65,5.98
ORD-039830,475.17,475.17,32.1
ORD-016862,1114.08,703.18,27.32
ORD-063127,319.55,319.55,49.25
ORD-041103,1113.88,1113.88,34.98
ORD-000047,58.28,58.28,57.47
ORD-076719,792.96,608.62,22.77
ORD-050776,856.38,856.38,56.88
ORD-054668,692.92,692.92,35.01
ORD-039544,296.98,210.8,5.53
ORD-027269,938.88,938.88,43.9
ORD-056836,499.74,381.46,44.92
ORD-009683,525.48,489.84,9.46
ORD-045289,170.92,140.33,41.7
ORD-005472,109.82,82.23,19.03
ORD-066870,1456.2,1456.2,40.6
ORD-073019,1115.88,1115.88,42.76
ORD-064833,77.34,58.93,30.36
ORD-002620,125.62,125.62,52.43
ORD-013813,1242.2,1076.3,13.79
ORD-061109,1317.66,1317.66,32.66
ORD-067058,872.22,872.22,6.75
ORD-048326,120.64,106.1,40.88
ORD-069490,733.95,733.95,35.89
ORD-008940,237.7,237.7,50.35
ORD-047199,1679.22,1679.22,11.33
ORD-040712,307.8,307.8,31.07
ORD-064893,87.05,87.05,36.01
ORD-050488,216.24,216.24,54.78
ORD-021808,805.8,805.8,16.7
ORD-036794,248.68,248.68,37.76
ORD-013719,88.18,88.18,23.38
ORD-003349,555.27,555.27,42.09
ORD-053774,2057.04,2057.04,11.55
ORD-059332,2189.05,2189.05,17.41
ORD-034502,121.7,105.4,57.85
ORD-051838,320.74,221.58,12.82
ORD-011849,583.05,583.05,58.46
ORD-020998,221.91,203.29,38.83
ORD-054117,883.32,883.32,48.43
ORD-002429,106.98,106.98,54.74
ORD-011004,890.0,890.0,57.55
ORD-037738,920.95,920.95,27.77
ORD-026369,685.41,551.86,7.27
ORD-051316,2341.02,2341.02,51.54
ORD-011326,1608.9,1202.27,12.46
ORD-008081,352.76,352.76,35.24
ORD-063847,160.81,127.15,13.55
ORD-003753,281.53,281.53,9.7
ORD-063646,465.16,465.16,12.5
ORD-022212,527.15,420.45,16.44
ORD-075663,564.24,564.24,36.53
ORD-039216,1146.35,988.75,51.26
ORD-065875,1463.1,1463.1,37.86
ORD-048828,1171.6,1171.6,40.37
ORD-078201,1476.6,931.51,46.71
ORD-063373,543.87,543.87,52.26
ORD-041158,476.7,302.61,28.81
ORD-020179,158.12,120.13,56.89
ORD-053448,173.95,173.95,35.1
ORD-037659,483.6,444.03,17.08
ORD-037047,1282.7,1282.7,35.89
ORD-012201,876.75,876.75,57.18
ORD-034255,210.3,161.61,17.29
ORD-001776,1515.3,1515.3,20.67
ORD-062128,1012.8,946.31,43.06
ORD-049427,183.14,133.5,47.86
ORD-037101,1302.2,837.75,47.99
ORD-036577,787.84,609.02,41.12
ORD-004236,365.1,365.1,10.49
ORD-007962,1092.55,739.9,39.78
ORD-041995,188.06,159.34,54.55
ORD-030655,1441.6,1441.6,41.3
ORD-064769,241.16,241.16,30.32
ORD-050541,318.54,294.19,5.77
ORD-016692,978.18,978.18,17.84
ORD-060348,274.01,274.01,13.08
ORD-055598,239.03,239.03,7.85
ORD-002259,901.84,901.84,23.11
ORD-030868,1584.2,1226.25,44.23
ORD-075307,414.0,414.0,29.36
ORD-044160,194.98,194.98,18.28
ORD-032662,1493.6,1493.6,52.27
ORD-063680,408.36,408.36,43.22
ORD-042921,1961.64,1961.64,51.47
ORD-019900,1675.2,1675.2,53.47
ORD-063922,614.65,473.12,26.97
ORD-041072,655.95,655.95,36.59
ORD-072447,319.68,319.68,44.53
ORD-005332,577.0,577.0,20.32
ORD-040602,669.8,669.8,43.96
ORD-031346,817.17,817.17,31.86
ORD-043911,599.08,599.08,14.57
ORD-006794,149.84,149.84,18.69
ORD-066215,317.36,317.36,58.12
ORD-072393,382.81,361.98,45.61
ORD-077656,590.3,415.17,51.2
ORD-072229,526.41,526.41,53.67
ORD-060464,145.51,145.51,30.9
ORD-037837,1112.24,1112.24,29.91
ORD-037263,1031.24,1031.24,14.77
ORD-027578,452.82,452.82,26.84
ORD-061081,874.92,874.92,40.63
ORD-033378,212.64,212.64,24.27
ORD-021477,1622.76,1622.76,23.9
ORD-029440,88.46,88.46,58.52
ORD-055384,1750.74,1750.74,27.67
ORD-044006,518.45,363.97,17.55
ORD-017887,1711.74,1711.74,9.08
ORD-039178,509.92,442.72,23.13
ORD-028544,137.81,137.81,30.01
ORD-065501,589.72,589.72,32.94
ORD-058685,424.28,317.23,5.85
ORD-051110,505.62,327.01,25.66
ORD-018581,322.5,322.5,22.05
ORD-062989,619.92,619.92,50.13
ORD-015988,642.84,642.84,5.43
ORD-021907,92.66,71.73,36.59
ORD-018368,78.05,52.96,23.49
ORD-063002,973.77,588.89,44.66
ORD-058051,1391.72,1391.72,28.79
ORD-069419,1423.55,1157.68,47.09
ORD-048348,918.48,559.08,53.92
ORD-048949,267.21,267.21,10.45
ORD-001029,667.74,619.99,38.08
ORD-007649,316.08,316.08,49.78
ORD-053677,421.86,421.86,23.75
ORD-000411,990.38,990.38,38.71
ORD-024238,1828.68,1828.68,40.39
ORD-074017,3560.16,3560.16,56.87
ORD-036946,1046.52,1046.52,7.17
ORD-079643,857.64,857.64,45.13
ORD-035233,167.31,125.68,5.16
ORD-025564,677.14,677.14,9.05
ORD-058013,976.24,976.24,22.84
ORD-063789,461.84,461.84,46.02
ORD-027452,777.63,777.63,23.32
ORD-036940,789.12,789.12,36.02
ORD-019475,384.85,253.04,54.31
ORD-030618,1779.48,1779.48,9.69
ORD-044997,370.44,280.32,11.36
ORD-060130,167.97,167.97,10.54
ORD-077842,291.88,291.88,6.09
ORD-022925,900.54,900.54,51.01
ORD-007271,297.7,297.7,29.98
ORD-007617,387.68,290.99,13.87
ORD-039778,820.23,820.23,59.62
ORD-075385,1359.08,1359.08,22.96
ORD-064800,1127.84,1127.84,40.47
ORD-070299,1177.32,1177.32,38.29
ORD-027423,746.16,746.16,16.77
ORD-068739,1452.84,1452.84,45.25
ORD-046107,476.64,366.71,13.18
ORD-036482,501.39,501.39,38.58
ORD-018206,269.08,269.08,30.76
ORD-041970,347.6,347.6,51.64
ORD-056340,913.12,913.12,56.97
ORD-007255,585.04,585.04,28.91
ORD-056822,85.11,85.11,48.83
ORD-055682,162.17,162.17,34.87
ORD-023236,172.08,118.32,56.29
ORD-074616,135.3,124.14,49.18
ORD-000707,1244.64,1244.64,22.78
ORD-028290,1906.48,1408.83,19.91
ORD-002573,1774.44,1459.56,8.71
ORD-036121,979.15,875.38,10.28
ORD-015568,1491.42,1491.42,6.92
ORD-053531,669.24,669.24,49.16
ORD-058972,1699.32,1699.32,41.34
ORD-062256,1704.3,1045.08,49.54
ORD-066032,552.25,552.25,20.75
ORD-023250,109.7,109.7,10.97
ORD-020140,1168.35,1168.35,18.27
ORD-041355,498.3,498.3,23.26
ORD-025901,1991.22,1348.1,37.59
ORD-053597,691.2,691.2,30.05
ORD-054480,280.7,205.39,21.29
ORD-071606,475.35,475.35,25.21
ORD-061788,1158.4,1158.4,51.05
ORD-044201,142.72,99.31,58.92
ORD-072694,422.05,283.35,56.91
ORD-040305,706.96,706.96,6.83
ORD-021826,712.15,712.15,7.7
ORD-021831,445.75,286.92,26.03
ORD-009643,779.58,779.58,49.09
ORD-032688,856.86,706.85,56.19
ORD-025840,584.97,584.97,39.35
ORD-029952,1051.24,1051.24,31.75
ORD-059033,485.3,485.3,17.86
ORD-044590,788.76,708.27,6.25
ORD-055658,161.56,107.1,12.5
ORD-008536,1100.64,1100.64,32.29
ORD-040813,1658.6,1021.9,53.09
ORD-000136,1263.84,1263.84,36.31
ORD-038838,140.35,140.35,30.61
ORD-012974,1002.5,1002.5,33.57
ORD-060892,1665.15,1665.15,23.81
ORD-068684,387.94,286.21,37.44
ORD-064173,1050.24,1050.24,33.36
ORD-068635,983.92,983.92,25.31
ORD-037120,179.58,111.16,21.67
ORD-011399,455.6,455.6,24.42
ORD-013295,1004.44,1004.44,27.09
ORD-008703,758.52,563.77,44.27
ORD-039033,513.6,349.91,34.34
ORD-041754,270.96,228.14,16.91
ORD-022941,235.35,235.35,11.98
ORD-037464,769.75,769.75,7.39
ORD-070437,233.04,233.04,5.35
ORD-009449,234.39,234.39,44.24
ORD-056500,599.92,543.4,53.76
ORD-033416,725.64,725.64,8.35
ORD-025661,218.8,141.97,16.09
ORD-037188,1143.27,715.53,11.54
ORD-075165,441.0,441.0,53.54
ORD-079282,210.16,210.16,6.24
ORD-070439,230.84,166.77,53.66
ORD-061334,194.42,194.42,55.21
ORD-064961,526.66,526.66,7.96
ORD-059119,592.47,592.47,12.62
ORD-050975,903.0,903.0,25.57
ORD-045301,2525.58,2248.43,19.5
ORD-072491,220.63,220.63,21.51
ORD-048724,1118.9,1009.13,59.89
ORD-053504,271.53,271.53,36.37
ORD-072529,451.24,451.24,54.08
ORD-003394,1135.45,1135.45,27.75
ORD-048904,131.12,131.12,52.95
ORD-031888,630.12,630.12,58.53
ORD-009987,382.5,334.94,32.47
ORD-067251,391.28,391.28,12.92
ORD-026578,869.25,653.04,46.28
ORD-001485,599.79,599.79,59.85
ORD-021412,928.6,928.6,18.37
ORD-051969,872.45,792.34,47.85
ORD-068061,549.27,549.27,7.0
ORD-003367,905.58,905.58,33.66
ORD-009992,595.29,557.35,41.88
ORD-042635,261.7,261.7,43.85
ORD-061347,3150.42,3150.42,54.02
ORD-007129,893.8,893.8,48.09
ORD-071966,255.16,255.16,7.69
ORD-065763,971.8,971.8,24.74
ORD-038233,165.0,165.0,52.8
ORD-060352,871.55,683.15,25.39
ORD-028078,2791.55,2791.55,17.9
ORD-015871,785.15,785.15,18.92
ORD-065725,397.2,397.2,37.67
ORD-030444,833.22,693.52,15.76
ORD-072870,1099.4,1099.4,13.3
ORD-012760,309.08,309.08,7.39
ORD-072409,535.26,474.34,56.35
ORD-043787,550.65,473.72,11.31
ORD-030332,153.12,153.12,11.96
ORD-077975,1022.65,1022.65,36.71
ORD-000060,647.84,647.84,9.72
ORD-038624,640.38,640.38,21.84
ORD-062751,239.98,239.98,48.76
ORD-037834,720.96,514.39,7.63
ORD-077922,119.49,119.49,59.41
ORD-075887,1035.36,982.2,43.25
ORD-023797,855.24,855.24,10.19
ORD-050333,889.05,889.05,59.99
ORD-072450,318.81,318.81,57.14
ORD-069750,70.64,61.44,9.91
ORD-079384,1286.4,1286.4,40.18
ORD-030628,346.16,346.16,45.23
ORD-064035,970.38,970.38,36.03
ORD-004179,649.52,649.52,41.96
ORD-043741,461.92,292.25,42.49
ORD-041563,539.34,539.34,27.84
ORD-043475,318.02,318.02,32.38
ORD-052164,293.9,199.96,56.59
ORD-034057,106.37,106.37,19.22
ORD-028350,339.8,339.8,44.76
ORD-076357,233.79,214.99,47.75
ORD-049738,277.76,261.28,10.63
ORD-038775,257.31,257.31,43.82
ORD-074210,1268.64,1268.64,53.24
ORD-031643,1028.64,1028.64,43.31
ORD-040636,533.78,533.78,48.99
ORD-071264,388.38,329.39,13.16
ORD-064211,1449.6,1449.6,19.76
ORD-003404,570.3,570.3,14.88
ORD-018703,820.44,692.1,43.43
ORD-005643,1192.05,1192.05,38.42
ORD-028427,1266.28,791.92,21.54
ORD-047508,2646.0,2646.0,49.91
ORD-025359,2285.72,2285.72,30.25
ORD-004917,352.44,352.44,8.53
ORD-055373,279.64,229.99,47.85
ORD-033755,299.24,299.24,36.39
ORD-016849,821.76,821.76,29.01
ORD-001909,708.18,628.72,17.37
ORD-022587,1821.6,1726.98,57.4
ORD-057638,484.23,484.23,34.64
ORD-001949,1752.3,1752.3,6.59
ORD-023456,708.36,708.36,48.16
ORD-026996,854.16,854.16,42.59
ORD-011689,145.82,117.76,20.8
ORD-013430,628.53,584.58,11.1
ORD-059716,890.88,890.88,24.16
ORD-042013,155.02,155.02,24.88
ORD-016106,401.52,364.28,40.11
ORD-054007,1211.0,1150.03,48.77
ORD-008828,617.4,448.59,58.86
ORD-012220,1243.2,1243.2,55.88
ORD-027504,266.68,203.51,11.66
ORD-011255,186.62,186.62,42.06
ORD-049444,1432.83,1432.83,38.77
ORD-000584,739.08,739.08,54.6
ORD-009085,235.1,190.65,43.1
ORD-046139,235.0,235.0,58.65
ORD-061707,263.38,263.38,15.69
ORD-009626,239.08,239.08,20.02
ORD-043278,468.04,468.04,12.37
ORD-027399,478.4,362.43,51.43
ORD-073039,242.7,242.7,37.41
ORD-074444,1387.5,1387.5,24.89
ORD-064874,805.08,805.08,27.26
ORD-021085,1828.68,1828.68,15.11
ORD-076986,1229.0,1229.0,55.73
ORD-028234,1345.02,1345.02,32.4
ORD-069288,310.8,310.8,47.62
ORD-011082,320.97,204.59,17.67
ORD-047011,695.6,695.6,23.93
ORD-040616,732.96,732.96,58.32
ORD-058249,1127.16,974.1,24.79
ORD-008284,770.13,770.13,22.52
ORD-018019,255.24,255.24,9.06
ORD-045001,866.61,866.61,49.04
ORD-077195,1701.25,1701.25,19.5
ORD-046262,654.72,654.72,17.36
ORD-068910,726.2,625.51,42.44
ORD-017756,1325.65,1174.69,48.51
ORD-057935,2337.66,2337.66,41.0
ORD-018180,583.7,583.7,29.84
ORD-023772,3508.86,3508.86,55.93
ORD-059298,953.9,953.9,47.53
ORD-012438,521.12,521.12,24.48
ORD-074356,383.1,383.1,33.78
ORD-044745,786.9,786.9,54.42
ORD-044276,621.0,621.0,16.99
ORD-066036,289.75,209.07,40.61
ORD-060620,350.66,350.66,20.55
ORD-010212,731.85,731.85,58.65
ORD-010232,2698.8,2501.29,16.86
ORD-054961,1085.7,998.1,53.24
ORD-032282,1877.68,1348.22,44.91
ORD-052418,1415.95,1288.68,31.85
ORD-021737,1079.35,1079.35,23.57
ORD-028056,1483.35,1483.35,49.53
ORD-067691,1680.78,1680.78,59.71
ORD-059416,836.1,836.1,51.73
ORD-057480,221.08,175.87,39.27
ORD-062149,782.52,782.52,33.7
ORD-033920,419.32,419.32,39.52
ORD-004095,426.96,426.96,36.01
ORD-063928,854.73,805.11,6.83
ORD-018764,1338.56,1111.12,20.86
ORD-042637,705.78,705.78,54.59
ORD-005104,286.84,286.84,58.87
ORD-013509,1705.0,1705.0,30.52
ORD-074555,416.0,416.0,49.44
ORD-028374,239.91,177.12,24.66
ORD-010002,1626.6,1307.64,54.45
ORD-034743,1430.95,1169.67,47.43
ORD-064437,377.24,263.95,54.82
ORD-068567,1325.9,1118.4,7.03
ORD-055241,101.01,101.01,42.96
ORD-070206,2527.45,2527.45,25.37
ORD-010014,1046.8,1046.8,30.06
ORD-054912,453.21,453.21,40.09
ORD-058601,1602.6,1602.6,32.09
ORD-063550,971.22,971.22,15.84
ORD-020538,1591.7,1591.7,22.0
ORD-061685,417.93,417.93,48.28
ORD-052428,1018.44,675.38,17.54
ORD-046648,170.36,111.7,15.73
ORD-071090,245.08,176.5,39.97
ORD-008388,912.08,620.56,8.05
ORD-008068,199.52,199.52,58.48
ORD-057768,246.04,216.73,47.45
ORD-043987,1444.65,1444.65,29.48
ORD-033888,1212.6,1212.6,53.5
ORD-013474,98.36,88.02,13.51
ORD-024287,327.28,327.28,14.26
ORD-011947,301.56,301.56,14.26
ORD-027024,59.68,39.4,16.37
ORD-018369,919.32,919.32,21.92
ORD-005496,370.74,244.21,27.96
ORD-062212,533.84,533.84,23.66
ORD-003016,241.27,241.27,5.13
ORD-000981,403.5,363.91,16.34
ORD-031476,649.56,525.62,16.84
ORD-077490,1904.15,1904.15,18.2
ORD-032388,759.96,759.96,34.61
ORD-038921,1672.92,1672.92,37.87
ORD-060067,777.22,777.22,43.79
ORD-004449,578.4,403.99,54.28
ORD-062809,1007.28,634.28,6.54
ORD-001969,731.94,626.23,18.74
ORD-050010,935.16,744.27,52.77
ORD-074091,845.79,790.6,34.04
ORD-077951,390.69,390.69,22.7
ORD-061360,695.75,695.75,13.39
ORD-014646,1238.7,1238.7,8.7
ORD-030176,1423.41,1423.41,35.76
ORD-051423,650.7,650.7,45.76
ORD-009241,180.0,180.0,8.2
ORD-074494,224.07,136.76,30.34
ORD-004864,863.16,863.16,24.86
ORD-067363,448.42,353.09,44.56
ORD-000820,475.44,475.44,31.16
ORD-070381,493.0,493.0,31.64
ORD-005337,1114.62,798.72,59.65
ORD-028852,116.38,116.38,14.94
ORD-011696,270.3,270.3,55.67
ORD-001163,769.1,522.52,12.06
ORD-058107,416.73,416.73,28.8
ORD-043660,1262.55,1075.96,43.34
ORD-030691,609.48,609.48,38.83
ORD-078930,148.79,148.79,45.55
ORD-031238,297.0,297.0,52.69
ORD-038526,1682.04,1682.04,11.51
ORD-038831,486.3,428.07,24.89
ORD-042922,858.8,542.8,7.36
ORD-043642,1085.16,1085.16,11.46
ORD-007828,313.36,313.36,11.14
ORD-063189,142.94,142.94,13.76
ORD-018651,1063.6,1063.6,29.92
ORD-033950,496.06,496.06,21.91
ORD-020278,1243.4,981.15,52.35
ORD-044777,49.86,49.86,55.86
ORD-073181,1036.86,1036.86,26.46
ORD-022949,838.53,838.53,25.29
ORD-038530,615.54,615.54,47.92
ORD-034566,1209.96,894.69,12.47
ORD-060340,890.1,553.07,31.09
ORD-068597,70.26,70.26,43.4
ORD-035639,350.7,350.7,24.86
ORD-011895,1049.2,1049.2,7.62
ORD-008685,279.12,279.12,51.26
ORD-042777,207.8,136.03,16.69
ORD-012675,323.16,251.23,40.47
ORD-040412,600.3,600.3,59.36
ORD-072762,137.18,91.12,37.84
ORD-024160,972.51,972.51,35.02
ORD-047356,565.24,401.59,37.91
ORD-076298,397.5,270.66,16.53
ORD-036240,129.36,91.99,7.07
ORD-071729,555.05,555.05,30.75
ORD-006253,164.6,164.6,29.57
ORD-040685,146.27,119.81,34.48
ORD-052118,268.46,268.46,29.36
ORD-057822,352.28,278.69,10.74
ORD-068371,187.0,151.6,14.67
ORD-047147,240.15,170.18,12.59
ORD-066791,122.03,122.03,35.09
ORD-007934,1015.5,1015.5,36.44
ORD-058496,634.29,634.29,50.24
ORD-022912,275.96,167.53,27.23
ORD-034005,475.86,475.86,17.84
ORD-026907,619.4,619.4,30.07
ORD-018768,1125.75,1125.75,41.83
ORD-035459,885.36,885.36,11.88
ORD-052436,624.24,624.24,45.49
ORD-074817,759.72,597.85,20.46
ORD-016497,327.27,327.27,38.14
ORD-014046,670.88,670.88,7.85
ORD-016113,118.59,118.59,55.23
ORD-063755,1345.72,917.14,46.38
ORD-075301,168.06,168.06,54.6
ORD-014934,225.16,225.16,29.98
ORD-000134,305.04,305.04,53.88
ORD-067370,1229.15,1229.15,18.21
ORD-066059,602.76,469.58,52.48
ORD-046130,311.64,270.23,50.2
ORD-023914,944.94,944.94,44.54
ORD-064904,477.96,450.64,14.03
ORD-047039,205.72,205.72,14.44
ORD-070214,563.2,563.2,41.77
ORD-025766,640.9,640.9,42.99
ORD-002300,1017.78,929.83,23.52
ORD-027951,412.02,303.87,51.03
ORD-065929,2175.32,1968.26,22.94
ORD-075067,1017.64,793.67,48.74
ORD-041764,953.22,953.22,56.2
ORD-009772,377.73,377.73,15.58
ORD-047291,736.6,736.6,21.11
ORD-044478,378.54,324.43,25.37
ORD-052654,505.5,505.5,29.45
ORD-034539,804.96,804.96,53.64
ORD-046387,1017.86,1017.86,50.17
ORD-010862,389.0,389.0,20.65
ORD-043007,398.78,398.78,32.38
ORD-011509,112.26,74.66,9.8
ORD-024068,531.9,394.03,41.38
ORD-069352,550.1,494.05,49.94
ORD-070556,1609.11,1460.53,10.83
ORD-050453,843.0,797.39,22.16
ORD-001309,922.83,570.11,25.06
ORD-031710,358.15,317.29,25.27
ORD-069612,1134.0,1134.0,24.05
ORD-072137,842.94,624.15,12.98
ORD-074943,428.18,428.18,44.59
ORD-027894,411.48,411.48,58.67
ORD-057083,1043.15,1043.15,17.17
ORD-003657,1048.6,1048.6,43.94
ORD-072568,229.74,212.86,49.94
ORD-022177,135.92,135.92,42.52
ORD-002401,239.32,171.38,58.5
ORD-035731,1343.64,884.89,23.95
ORD-049505,113.89,113.89,52.83
ORD-070054,2168.9,2168.9,40.24
ORD-025954,753.48,702.28,21.53
ORD-046468,1098.6,1098.6,21.39
ORD-035755,167.4,167.4,30.82
ORD-011504,551.84,551.84,48.29
ORD-047077,1611.24,1611.24,55.23
ORD-056971,158.37,143.98,9.58
ORD-035874,128.34,128.34,32.46
ORD-038893,578.96,578.96,30.52
ORD-074094,456.04,456.04,23.94
ORD-067906,1617.36,1617.36,32.12
ORD-034487,871.26,871.26,18.63
ORD-069672,786.9,786.9,48.59
ORD-047985,904.74,904.74,47.29
ORD-004751,495.54,495.54,19.37
ORD-048032,707.16,707.16,35.52
ORD-032140,94.02,94.02,54.17
ORD-068318,712.28,712.28,9.11
ORD-004092,828.72,828.72,59.29
ORD-041551,1205.25,1006.46,53.14
ORD-059560,276.36,261.62,57.55
ORD-030872,973.14,973.14,16.41
ORD-034256,163.19,163.19,40.98
ORD-028132,1358.58,1358.58,10.69
ORD-035984,588.24,588.24,53.72
ORD-028329,320.32,320.32,53.8
ORD-051926,390.72,357.69,14.22
ORD-079216,1280.46,1280.46,52.72
ORD-019104,460.3,460.3,53.8
ORD-014575,123.82,123.82,57.11
ORD-015870,1373.7,1056.75,29.57
ORD-058157,169.68,109.05,53.0
ORD-066690,569.3,569.3,18.11
ORD-078005,1396.1,1396.1,21.3
ORD-053282,194.04,194.04,36.24
ORD-026273,311.74,273.69,26.18
ORD-074833,873.92,749.74,54.57
ORD-062393,1164.4,1164.4,30.19
ORD-023565,602.92,602.92,16.55
ORD-065243,351.88,351.88,52.26
ORD-034994,57.54,37.0,29.13
ORD-008271,1185.55,1185.55,16.52
ORD-034136,798.05,798.05,12.44
ORD-044927,80.09,80.09,36.02
ORD-002450,900.88,900.88,43.96
ORD-029732,341.05,341.05,50.44
ORD-031660,199.42,121.55,33.64
ORD-049433,268.2,178.25,19.71
ORD-018707,257.16,222.92,36.43
ORD-051864,1357.86,1357.86,52.83
ORD-011629,522.54,522.54,54.95
ORD-058807,1114.7,1114.7,19.96
ORD-066149,508.05,443.55,38.15
ORD-033661,169.36,119.54,58.2
ORD-004887,220.61,220.61,40.47
ORD-015489,390.88,268.73,28.3
ORD-045975,382.05,382.05,11.88
ORD-057137,207.59,207.59,10.78
ORD-040605,235.38,235.38,52.0
ORD-026765,361.28,361.28,33.09
ORD-039361,212.52,183.11,6.52
ORD-014720,684.9,684.9,21.74
ORD-011487,407.2,407.2,20.32
ORD-047524,1055.46,1055.46,38.42
ORD-032891,617.13,415.09,23.54
ORD-041265,354.82,292.17,41.04
ORD-037533,477.25,477.25,21.6
ORD-037510,967.2,967.2,27.15
ORD-072747,938.3,652.5,41.54
ORD-046721,604.92,604.92,24.37
ORD-045884,485.9,485.9,47.39
ORD-012985,2056.6,2056.6,32.17
ORD-046938,850.6,850.6,37.22
ORD-008579,974.5,974.5,6.42
ORD-052572,547.88,547.88,23.52
ORD-070858,342.9,325.27,51.68
ORD-035995,674.01,674.01,6.51
ORD-071622,664.83,403.25,28.52
ORD-047700,306.84,193.72,36.77
ORD-048063,700.74,589.94,42.28
ORD-010168,458.42,458.42,48.41
ORD-070474,763.98,763.98,26.26
ORD-075433,1119.98,1119.98,25.12
ORD-004721,1364.68,1364.68,34.35
ORD-074179,167.72,167.72,56.95
ORD-072903,483.1,483.1,11.56
ORD-002754,150.49,95.76,26.71
ORD-048502,173.46,173.46,17.44
ORD-050902,2102.28,1801.72,20.87
ORD-012645,221.84,221.84,43.23
ORD-075640,215.36,160.16,43.36
ORD-027763,676.44,676.44,38.68
ORD-052736,75.12,70.31,35.5
ORD-044589,275.91,224.36,10.42
ORD-057294,395.16,395.16,38.81
ORD-054060,1494.2,1346.79,22.17
ORD-003918,310.26,280.31,17.03
ORD-009705,250.87,250.87,35.77
ORD-045015,2002.62,1535.05,34.29
ORD-041615,154.16,154.16,24.73
ORD-052395,341.94,212.47,27.22
ORD-069132,803.76,523.21,33.85
ORD-063999,795.35,795.35,8.42
ORD-069569,236.37,236.37,20.84
ORD-076879,1579.24,1579.24,29.52
ORD-060910,357.0,293.54,33.92
ORD-008814,84.25,65.08,45.71
ORD-043250,105.54,105.54,23.05
ORD-073837,837.85,837.85,54.02
ORD-022670,221.29,221.29,33.63
